region,neighborhood,customers_out,status,outage_number,etr_display,etr_utc,latitude,longitude,count_others,objectid_snapshot,retrieved_utc
LA_METRO,SHERMAN OAKS,313,CREWS WORKING,1,08/12/2026 02:00,2026-08-12T09:00:00Z,34.152218999999995,-118.456651,,230626,2026-08-12T10:41:01Z
LA_METRO,ARLETA,11,CREWS WORKING,1,08/12/2026 04:30,2026-08-12T11:30:00Z,34.258373,-118.437525,,230627,2026-08-12T10:41:01Z
LA_METRO,PORTER RANCH,120,CREWS WORKING,1,08/12/2026 02:30,2026-08-12T09:30:00Z,34.281168,-118.551722,,230628,2026-08-12T10:41:01Z
LA_METRO,SHERMAN OAKS,313,CREWS WORKING,1,08/12/2026 02:00,2026-08-12T09:00:00Z,34.152218999999995,-118.456651,,230629,2026-08-12T10:41:42Z
LA_METRO,SHERMAN OAKS,313,CREWS WORKING,1,08/12/2026 02:00,2026-08-12T09:00:00Z,34.152218999999995,-118.456651,,230630,2026-08-12T10:56:38Z
LA_METRO,SHERMAN OAKS,313,CREWS WORKING,1,08/12/2026 02:00,2026-08-12T09:00:00Z,34.152218999999995,-118.456651,,230631,2026-08-12T11:11:38Z
LA_METRO,SHERMAN OAKS,313,CREWS WORKING,1,08/12/2026 02:00,2026-08-12T09:00:00Z,34.152218999999995,-118.456651,,230631,2026-08-12T11:26:41Z
LA_METRO,SHERMAN OAKS,313,CREWS WORKING,1,08/12/2026 02:00,2026-08-12T09:00:00Z,34.152218999999995,-118.456651,,230632,2026-08-12T11:41:38Z
LA_METRO,SHERMAN OAKS,313,CREWS WORKING,1,08/12/2026 02:00,2026-08-12T09:00:00Z,34.152218999999995,-118.456651,,230634,2026-08-12T11:56:38Z
LA_METRO,SHERMAN OAKS,313,CREWS WORKING,1,08/12/2026 02:00,2026-08-12T09:00:00Z,34.152218999999995,-118.456651,,230635,2026-08-12T12:26:38Z
LA_METRO,SHERMAN OAKS,313,CREWS WORKING,1,08/12/2026 02:00,2026-08-12T09:00:00Z,34.152218999999995,-118.456651,,230636,2026-08-12T12:41:39Z
LA_METRO,SHERMAN OAKS,313,CREWS WORKING,1,08/12/2026 02:00,2026-08-12T09:00:00Z,34.152218999999995,-118.456651,,230637,2026-08-12T12:56:39Z
LA_METRO,SHERMAN OAKS,313,CREWS WORKING,1,08/12/2026 02:00,2026-08-12T09:00:00Z,34.152218999999995,-118.456651,,230638,2026-08-12T13:11:39Z
LA_METRO,SHERMAN OAKS,313,CREWS WORKING,1,08/12/2026 02:00,2026-08-12T09:00:00Z,34.152218999999995,-118.456651,,230639,2026-08-12T13:26:42Z
LA_METRO,SHERMAN OAKS,313,CREWS WORKING,1,08/12/2026 02:00,2026-08-12T09:00:00Z,34.152218999999995,-118.456651,,230640,2026-08-12T13:41:38Z
LA_METRO,MID-WILSHIRE,2723,REPORTED OUTAGE,1,08/12/2026 13:00,2026-08-12T20:00:00Z,34.048941,-118.342264,,230641,2026-08-12T13:56:39Z
LA_METRO,SHERMAN OAKS,313,CREWS WORKING,1,08/12/2026 02:00,2026-08-12T09:00:00Z,34.152218999999995,-118.456651,,230642,2026-08-12T13:56:39Z
LA_METRO,MID-WILSHIRE,2723,EN ROUTE,1,08/12/2026 13:00,2026-08-12T20:00:00Z,34.048941,-118.342264,,230643,2026-08-12T14:26:39Z
LA_METRO,MID-WILSHIRE,2722,EN ROUTE,1,08/12/2026 13:00,2026-08-12T20:00:00Z,34.048941,-118.342264,,230644,2026-08-12T14:41:38Z
LA_METRO,VENICE,36,REPORTED OUTAGE,1,08/12/2026 12:00,2026-08-12T19:00:00Z,33.978275,-118.461527,,230645,2026-08-12T14:41:38Z
LA_METRO,MID-WILSHIRE,2722,EN ROUTE,1,08/12/2026 13:00,2026-08-12T20:00:00Z,34.048941,-118.342264,,230646,2026-08-12T14:56:39Z
LA_METRO,VENICE,36,ASSIGNED,1,08/12/2026 12:00,2026-08-12T19:00:00Z,33.978275,-118.461527,,230647,2026-08-12T14:56:39Z
LA_METRO,MID-WILSHIRE,2722,EN ROUTE,1,08/12/2026 13:00,2026-08-12T20:00:00Z,34.048941,-118.342264,,230648,2026-08-12T15:11:38Z
LA_METRO,VENICE,36,EN ROUTE,1,08/12/2026 12:00,2026-08-12T19:00:00Z,33.978275,-118.461527,,230649,2026-08-12T15:11:38Z
LA_METRO,MID-WILSHIRE,2722,CREWS WORKING,1,08/12/2026 13:00,2026-08-12T20:00:00Z,34.048941,-118.342264,,230650,2026-08-12T15:26:42Z
LA_METRO,MID-WILSHIRE,1013,REPORTED OUTAGE,2,08/12/2026 12:00,2026-08-12T19:00:00Z,34.048252999999995,-118.345741,,230651,2026-08-12T15:26:42Z
LA_METRO,VENICE,36,EN ROUTE,1,08/12/2026 12:00,2026-08-12T19:00:00Z,33.978275,-118.461527,,230652,2026-08-12T15:26:42Z
LA_METRO,MID-WILSHIRE,3736,CREWS WORKING,1,08/12/2026 13:00,2026-08-12T20:00:00Z,34.048941,-118.342264,,230653,2026-08-12T15:41:39Z
LA_METRO,VENICE,36,EN ROUTE,1,08/12/2026 12:00,2026-08-12T19:00:00Z,33.978275,-118.461527,,230654,2026-08-12T15:41:39Z
LA_METRO,MID-WILSHIRE,3736,CREWS WORKING,1,08/12/2026 13:00,2026-08-12T20:00:00Z,34.048941,-118.342264,,230655,2026-08-12T15:56:39Z
LA_METRO,VENICE,36,EN ROUTE,1,08/12/2026 12:00,2026-08-12T19:00:00Z,33.978275,-118.461527,,230656,2026-08-12T15:56:39Z
LA_METRO,MID-WILSHIRE,3736,CREWS WORKING,1,08/12/2026 13:00,2026-08-12T20:00:00Z,34.048941,-118.342264,,230657,2026-08-12T16:11:38Z
LA_METRO,VENICE,36,EN ROUTE,1,08/12/2026 12:00,2026-08-12T19:00:00Z,33.978275,-118.461527,,230658,2026-08-12T16:11:38Z
LA_METRO,MID-WILSHIRE,3736,CREWS WORKING,1,08/12/2026 13:00,2026-08-12T20:00:00Z,34.048941,-118.342264,,230657,2026-08-12T16:26:39Z
LA_METRO,VENICE,36,EN ROUTE,1,08/12/2026 12:00,2026-08-12T19:00:00Z,33.978275,-118.461527,,230658,2026-08-12T16:26:39Z
LA_METRO,VARIOUS LOCATIONS IN LA,50,ASSIGNED,1,08/13/2026 02:00,2026-08-13T09:00:00Z,33.948859,-118.256061,,230674,2026-08-13T01:35:47Z
LA_METRO,HIGHLAND PARK,21,CREWS WORKING,1,08/27/2026 15:30,2026-08-27T22:30:00Z,34.11417,-118.206604,,235860,2026-08-27T23:17:27Z
LA_METRO,ECHO PARK,63,CREWS WORKING,1,08/27/2026 19:00,2026-08-28T02:00:00Z,34.076515,-118.273356,,235861,2026-08-27T23:17:27Z
LA_METRO,EAST HOLLYWOOD,113,ASSIGNED,1,08/27/2026 11:00,2026-08-27T18:00:00Z,34.086743,-118.29987,,235862,2026-08-27T23:17:27Z
LA_METRO,ELYSIAN VALLEY,33,ASSIGNED,1,,,34.089385,-118.233296,,235863,2026-08-27T23:17:27Z
LA_METRO,HIGHLAND PARK,21,CREWS WORKING,1,08/27/2026 15:30,2026-08-27T22:30:00Z,34.11417,-118.206604,,235860,2026-08-27T23:23:34Z
LA_METRO,ECHO PARK,63,CREWS WORKING,1,08/27/2026 19:00,2026-08-28T02:00:00Z,34.076515,-118.273356,,235861,2026-08-27T23:23:34Z
LA_METRO,EAST HOLLYWOOD,113,ASSIGNED,1,08/27/2026 11:00,2026-08-27T18:00:00Z,34.086743,-118.29987,,235862,2026-08-27T23:23:34Z
LA_METRO,ELYSIAN VALLEY,33,ASSIGNED,1,,,34.089385,-118.233296,,235863,2026-08-27T23:23:34Z
LA_METRO,ECHO PARK,63,CREWS WORKING,1,08/27/2026 19:00,2026-08-28T02:00:00Z,34.076515,-118.273356,,235864,2026-08-27T23:38:34Z
LA_METRO,EAST HOLLYWOOD,113,EN ROUTE,1,08/27/2026 11:00,2026-08-27T18:00:00Z,34.086743,-118.29987,,235865,2026-08-27T23:38:34Z
LA_METRO,ELYSIAN VALLEY,33,ASSIGNED,1,,,34.089385,-118.233296,,235866,2026-08-27T23:38:34Z
LA_METRO,SYLMAR,910,ASSIGNED,1,08/27/2026 22:30,2026-08-28T05:30:00Z,34.312245,-118.424515,,235867,2026-08-27T23:38:34Z
LA_METRO,GRAMERCY PARK,13,EN ROUTE,1,08/27/2026 18:00,2026-08-28T01:00:00Z,33.953632999999996,-118.30834899999999,,235868,2026-08-27T23:53:34Z
LA_METRO,ECHO PARK,63,CREWS WORKING,1,08/27/2026 19:00,2026-08-28T02:00:00Z,34.076515,-118.273356,,235869,2026-08-27T23:53:34Z
LA_METRO,EAST HOLLYWOOD,113,EN ROUTE,1,08/27/2026 11:00,2026-08-27T18:00:00Z,34.086743,-118.29987,,235870,2026-08-27T23:53:34Z
LA_METRO,SYLMAR,910,EN ROUTE,1,08/27/2026 22:30,2026-08-28T05:30:00Z,34.312245,-118.424515,,235871,2026-08-27T23:53:34Z
LA_METRO,SYLMAR,487,ASSIGNED,2,08/27/2026 18:30,2026-08-28T01:30:00Z,34.307412,-118.436635,,235872,2026-08-27T23:53:34Z
LA_METRO,GRAMERCY PARK,186,CREWS WORKING,1,08/27/2026 18:00,2026-08-28T01:00:00Z,33.956288,-118.30595,,235873,2026-08-28T00:08:34Z
LA_METRO,ECHO PARK,63,CREWS WORKING,1,08/27/2026 19:00,2026-08-28T02:00:00Z,34.076515,-118.273356,,235874,2026-08-28T00:08:34Z
LA_METRO,EAST HOLLYWOOD,113,EN ROUTE,1,08/27/2026 11:00,2026-08-27T18:00:00Z,34.086743,-118.29987,,235875,2026-08-28T00:08:34Z
LA_METRO,SYLMAR,910,CREWS WORKING,1,08/27/2026 22:30,2026-08-28T05:30:00Z,34.312245,-118.424515,,235876,2026-08-28T00:08:34Z
LA_METRO,SYLMAR,487,ASSIGNED,2,08/27/2026 18:30,2026-08-28T01:30:00Z,34.307412,-118.436635,,235877,2026-08-28T00:08:34Z
LA_METRO,EXPOSITION PARK,1329,CREWS WORKING,1,08/27/2026 15:00,2026-08-27T22:00:00Z,34.024704,-118.308931,,235878,2026-08-28T00:17:20Z
LA_METRO,GRAMERCY PARK,186,CREWS WORKING,1,08/27/2026 20:00,2026-08-28T03:00:00Z,33.956288,-118.30595,,235879,2026-08-28T00:17:20Z
LA_METRO,ECHO PARK,63,CREWS WORKING,1,08/27/2026 19:00,2026-08-28T02:00:00Z,34.076515,-118.273356,,235880,2026-08-28T00:17:20Z
LA_METRO,EAST HOLLYWOOD,113,CREWS WORKING,1,08/27/2026 11:00,2026-08-27T18:00:00Z,34.086743,-118.29987,,235881,2026-08-28T00:17:20Z
LA_METRO,SYLMAR,910,CREWS WORKING,1,08/27/2026 22:30,2026-08-28T05:30:00Z,34.312245,-118.424515,,235882,2026-08-28T00:17:20Z
LA_METRO,SYLMAR,487,ASSIGNED,2,08/27/2026 18:30,2026-08-28T01:30:00Z,34.307412,-118.436635,,235883,2026-08-28T00:17:20Z
LA_METRO,EXPOSITION PARK,1329,CREWS WORKING,1,08/27/2026 15:00,2026-08-27T22:00:00Z,34.024704,-118.308931,,235878,2026-08-28T00:18:04Z
LA_METRO,GRAMERCY PARK,186,CREWS WORKING,1,08/27/2026 20:00,2026-08-28T03:00:00Z,33.956288,-118.30595,,235879,2026-08-28T00:18:04Z
LA_METRO,ECHO PARK,63,CREWS WORKING,1,08/27/2026 19:00,2026-08-28T02:00:00Z,34.076515,-118.273356,,235880,2026-08-28T00:18:04Z
LA_METRO,EAST HOLLYWOOD,113,CREWS WORKING,1,08/27/2026 11:00,2026-08-27T18:00:00Z,34.086743,-118.29987,,235881,2026-08-28T00:18:04Z
LA_METRO,SYLMAR,910,CREWS WORKING,1,08/27/2026 22:30,2026-08-28T05:30:00Z,34.312245,-118.424515,,235882,2026-08-28T00:18:04Z
LA_METRO,SYLMAR,487,ASSIGNED,2,08/27/2026 18:30,2026-08-28T01:30:00Z,34.307412,-118.436635,,235883,2026-08-28T00:18:04Z
LA_METRO,EXPOSITION PARK,1329,CREWS WORKING,1,08/27/2026 15:00,2026-08-27T22:00:00Z,34.024704,-118.308931,,235878,2026-08-28T00:26:05Z
LA_METRO,GRAMERCY PARK,186,CREWS WORKING,1,08/27/2026 20:00,2026-08-28T03:00:00Z,33.956288,-118.30595,,235879,2026-08-28T00:26:05Z
LA_METRO,ECHO PARK,63,CREWS WORKING,1,08/27/2026 19:00,2026-08-28T02:00:00Z,34.076515,-118.273356,,235880,2026-08-28T00:26:05Z
LA_METRO,EAST HOLLYWOOD,113,CREWS WORKING,1,08/27/2026 11:00,2026-08-27T18:00:00Z,34.086743,-118.29987,,235881,2026-08-28T00:26:05Z
LA_METRO,SYLMAR,910,CREWS WORKING,1,08/27/2026 22:30,2026-08-28T05:30:00Z,34.312245,-118.424515,,235882,2026-08-28T00:26:05Z
LA_METRO,SYLMAR,487,ASSIGNED,2,08/27/2026 18:30,2026-08-28T01:30:00Z,34.307412,-118.436635,,235883,2026-08-28T00:26:05Z
LA_METRO,STUDIO CITY,16,EN ROUTE,1,,,34.154392,-118.402706,,236065,2026-08-28T12:06:24Z
LA_METRO,MAR VISTA,21,ASSIGNED,1,,,34.010726,-118.45289199999999,,236066,2026-08-28T12:06:24Z
LA_METRO,BRENTWOOD,6,ASSIGNED,1,,,34.073989,-118.479456,,236067,2026-08-28T12:06:24Z
LA_METRO,STUDIO CITY,16,CREWS WORKING,1,,,34.154392,-118.402706,,236108,2026-08-28T15:16:47Z
LA_METRO,MAR VISTA,21,CREWS WORKING,1,,,34.010726,-118.45289199999999,,236109,2026-08-28T15:16:47Z
LA_METRO,SYLMAR,810,CREWS WORKING,1,08/28/2026 11:00,2026-08-28T18:00:00Z,34.296251999999996,-118.45566099999999,,236110,2026-08-28T15:16:47Z
LA_METRO,ENCINO,90,EN ROUTE,1,,,34.138019,-118.479372,,236111,2026-08-28T15:16:47Z
LA_METRO,HIGHLAND PARK,14,ASSIGNED,1,,,34.125569999999996,-118.17107899999999,,236223,2026-08-28T22:13:43Z
LA_METRO,DOWNTOWN,36,ASSIGNED,1,08/28/2026 14:30,2026-08-28T21:30:00Z,34.048781999999996,-118.24109,,236224,2026-08-28T22:13:43Z
LA_METRO,ELYSIAN VALLEY,54,ASSIGNED,1,,,34.092656,-118.238114,,236225,2026-08-28T22:13:43Z
LA_METRO,CYPRESS PARK,1182,CREWS WORKING,1,,,34.081933,-118.226072,,236226,2026-08-28T22:13:43Z
LA_METRO,VARIOUS LOCATIONS IN LA,0,CREWS WORKING,1,08/28/2026 21:00,2026-08-29T04:00:00Z,34.279851,-118.478498,,236227,2026-08-28T22:13:43Z
LA_METRO,MID-CITY,17,CREWS WORKING,2,08/28/2026 22:00,2026-08-29T05:00:00Z,34.035312,-118.345171,,236414,2026-08-29T03:39:32Z
LA_METRO,WESTLAKE,3,CREWS WORKING,1,08/28/2026 22:00,2026-08-29T05:00:00Z,34.057741,-118.26782399999999,,236415,2026-08-29T03:39:32Z
LA_METRO,ECHO PARK,9,ASSIGNED,1,08/28/2026 21:30,2026-08-29T04:30:00Z,34.087057,-118.25611599999999,,236416,2026-08-29T03:39:32Z
LA_METRO,PICO-ROBERTSON,27,ASSIGNED,1,08/28/2026 23:00,2026-08-29T06:00:00Z,34.050067999999996,-118.3871,,236417,2026-08-29T03:39:32Z
LA_METRO,MID-CITY,18,ASSIGNED,1,08/28/2026 23:30,2026-08-29T06:30:00Z,34.042587999999995,-118.368743,,236418,2026-08-29T03:39:32Z
LA_METRO,BALDWIN HILLS/CRENSHAW,103,CREWS WORKING,1,,,34.007124999999995,-118.34486799999999,,236419,2026-08-29T03:39:32Z
LA_METRO,HOLLYWOOD HILLS,1,ASSIGNED,1,08/29/2026 00:00,2026-08-29T07:00:00Z,34.139362,-118.339557,,236420,2026-08-29T03:39:32Z
LA_METRO,VARIOUS LOCATIONS IN LA,0,CREWS WORKING,1,08/28/2026 21:00,2026-08-29T04:00:00Z,34.279851,-118.478498,,236421,2026-08-29T03:39:32Z
LA_METRO,MID-WILSHIRE,52,EN ROUTE,1,08/29/2026 07:30,2026-08-29T14:30:00Z,34.059934999999996,-118.342192,,236530,2026-08-29T10:28:48Z
LA_METRO,PICO-ROBERTSON,27,ASSIGNED,1,08/29/2026 02:00,2026-08-29T09:00:00Z,34.050067999999996,-118.3871,,236531,2026-08-29T10:28:48Z
LA_METRO,MAR VISTA,16,CREWS WORKING,1,,,34.01754,-118.436331,,236532,2026-08-29T10:28:48Z
LA_METRO,MID-WILSHIRE,52,ASSIGNED,1,08/29/2026 07:30,2026-08-29T14:30:00Z,34.059934999999996,-118.342192,,236588,2026-08-29T15:17:11Z
LA_METRO,ENCINO,591,CREWS WORKING,1,08/29/2026 08:30,2026-08-29T15:30:00Z,34.172425,-118.526657,,236589,2026-08-29T15:17:11Z
LA_METRO,ENCINO,321,ASSIGNED,2,08/29/2026 08:30,2026-08-29T15:30:00Z,34.176708,-118.519128,,236590,2026-08-29T15:17:11Z
LA_METRO,WOODLAND HILLS,1,ASSIGNED,1,08/29/2026 11:30,2026-08-29T18:30:00Z,34.170455,-118.600797,,236591,2026-08-29T15:17:11Z
LA_METRO,DOWNTOWN,5,ASSIGNED,1,08/28/2026 22:30,2026-08-29T05:30:00Z,34.022528,-118.233948,,236592,2026-08-29T15:17:11Z
LA_METRO,MID-WILSHIRE,52,ASSIGNED,1,08/29/2026 07:30,2026-08-29T14:30:00Z,34.059934999999996,-118.342192,,236650,2026-08-29T18:39:19Z
LA_METRO,MISSION HILLS,15,CREWS WORKING,1,08/29/2026 10:30,2026-08-29T17:30:00Z,34.27668,-118.44771,,236651,2026-08-29T18:39:19Z
LA_METRO,CENTURY CITY,15,ASSIGNED,1,08/28/2026 23:00,2026-08-29T06:00:00Z,34.056222999999996,-118.42204100000001,,236652,2026-08-29T18:39:19Z
LA_METRO,HARBOR CITY,140,EN ROUTE,1,08/29/2026 11:00,2026-08-29T18:00:00Z,33.780938,-118.301221,,236653,2026-08-29T18:39:19Z
LA_METRO,MID-WILSHIRE,52,ASSIGNED,1,08/29/2026 11:30,2026-08-29T18:30:00Z,34.059934999999996,-118.342192,,236693,2026-08-29T21:20:06Z
LA_METRO,ELYSIAN VALLEY,33,REPORTED OUTAGE,1,,,34.089385,-118.233296,,236694,2026-08-29T21:20:06Z
LA_METRO,HOLLYWOOD HILLS,57,REPORTED OUTAGE,1,08/29/2026 16:00,2026-08-29T23:00:00Z,34.109581,-118.319834,,236695,2026-08-29T21:20:06Z
LA_METRO,MISSION HILLS,15,CREWS WORKING,1,08/29/2026 10:30,2026-08-29T17:30:00Z,34.27668,-118.44771,,236696,2026-08-29T21:20:06Z
LA_METRO,ENCINO,591,CREWS WORKING,1,08/29/2026 08:30,2026-08-29T15:30:00Z,34.172425,-118.526657,,236697,2026-08-29T21:20:06Z
LA_METRO,ENCINO,18,CREWS WORKING,2,08/29/2026 16:30,2026-08-29T23:30:00Z,34.149536999999995,-118.48083199999999,,236698,2026-08-29T21:20:06Z
LA_METRO,MID-WILSHIRE,52,CREWS WORKING,1,08/29/2026 11:30,2026-08-29T18:30:00Z,34.059934999999996,-118.342192,,236747,2026-08-29T23:26:11Z
LA_METRO,BROADWAY-MANCHESTER,33,CREWS WORKING,1,08/29/2026 19:30,2026-08-30T02:30:00Z,33.936039,-118.275797,,236748,2026-08-29T23:26:11Z
LA_METRO,ELYSIAN VALLEY,128,REPORTED OUTAGE,1,,,34.088404,-118.234433,,236749,2026-08-29T23:26:11Z
LA_METRO,HOLLYWOOD HILLS,57,ASSIGNED,1,,,34.109581,-118.319834,,236750,2026-08-29T23:26:11Z
LA_METRO,MISSION HILLS,15,CREWS WORKING,1,08/29/2026 10:30,2026-08-29T17:30:00Z,34.27668,-118.44771,,236751,2026-08-29T23:26:11Z
LA_METRO,PANORAMA CITY,17,CREWS WORKING,1,08/29/2026 18:00,2026-08-30T01:00:00Z,34.244879,-118.452146,,236752,2026-08-29T23:26:11Z
LA_METRO,BROADWAY-MANCHESTER,67,CREWS WORKING,1,08/29/2026 19:30,2026-08-30T02:30:00Z,33.936039,-118.275797,,236796,2026-08-30T01:36:36Z
LA_METRO,HISTORIC SOUTH-CENTRAL,51,EN ROUTE,1,08/29/2026 20:30,2026-08-30T03:30:00Z,34.006785,-118.280052,,236797,2026-08-30T01:36:36Z
LA_METRO,ELYSIAN VALLEY,695,ASSIGNED,1,,,34.088712,-118.23331,,236798,2026-08-30T01:36:36Z
LA_METRO,MID-CITY,18,ASSIGNED,1,08/29/2026 21:00,2026-08-30T04:00:00Z,34.042587999999995,-118.368743,,236799,2026-08-30T01:36:36Z
LA_METRO,HOLLYWOOD HILLS,57,ASSIGNED,1,,,34.109581,-118.319834,,236800,2026-08-30T01:36:36Z
LA_METRO,LEIMERT PARK,4,ASSIGNED,1,08/29/2026 21:00,2026-08-30T04:00:00Z,34.011652999999995,-118.32863,,236801,2026-08-30T01:36:36Z
LA_METRO,PANORAMA CITY,17,CREWS WORKING,1,08/29/2026 18:00,2026-08-30T01:00:00Z,34.244879,-118.452146,,236802,2026-08-30T01:36:36Z
LA_METRO,FLORENCE,54,ASSIGNED,1,08/30/2026 03:00,2026-08-30T10:00:00Z,33.967368,-118.280183,,236907,2026-08-30T07:22:31Z
LA_METRO,HOLLYWOOD HILLS WEST,25,CREWS WORKING,1,08/30/2026 01:30,2026-08-30T08:30:00Z,34.096349,-118.392011,,236908,2026-08-30T07:22:31Z
LA_METRO,HOLLYWOOD HILLS WEST,25,CREWS WORKING,1,08/30/2026 01:30,2026-08-30T08:30:00Z,34.096349,-118.392011,,236938,2026-08-30T13:14:58Z
LA_METRO,LEIMERT PARK,7,CREWS WORKING,1,08/30/2026 13:30,2026-08-30T20:30:00Z,34.012764,-118.328535,,236953,2026-08-30T17:36:13Z
LA_METRO,BROADWAY-MANCHESTER,67,CREWS WORKING,1,08/30/2026 15:00,2026-08-30T22:00:00Z,33.936039,-118.275797,,236975,2026-08-30T20:00:58Z
LA_METRO,LEIMERT PARK,8,CREWS WORKING,1,08/30/2026 14:30,2026-08-30T21:30:00Z,34.012764,-118.328535,,236976,2026-08-30T20:00:58Z
LA_METRO,HARBOR CITY,1,ASSIGNED,1,08/30/2026 14:30,2026-08-30T21:30:00Z,33.79389,-118.29133,,236977,2026-08-30T20:00:58Z
LA_METRO,BROADWAY-MANCHESTER,67,CREWS WORKING,1,08/30/2026 15:00,2026-08-30T22:00:00Z,33.936039,-118.275797,,237019,2026-08-30T22:41:06Z
LA_METRO,ELYSIAN VALLEY,47,ASSIGNED,1,,,34.089385,-118.233296,,237020,2026-08-30T22:41:06Z
LA_METRO,VERMONT KNOLLS,37,REPORTED OUTAGE,1,08/30/2026 17:00,2026-08-31T00:00:00Z,33.968288,-118.286298,,237021,2026-08-30T22:41:06Z
LA_METRO,HARBOR CITY,1,CREWS WORKING,1,08/30/2026 14:30,2026-08-30T21:30:00Z,33.79389,-118.29133,,237022,2026-08-30T22:41:06Z
LA_METRO,ELYSIAN VALLEY,37,CREWS WORKING,1,08/30/2026 20:00,2026-08-31T03:00:00Z,34.098836999999996,-118.24613099999999,,237053,2026-08-31T00:55:37Z
LA_METRO,EAGLE ROCK,12,ASSIGNED,1,08/30/2026 18:30,2026-08-31T01:30:00Z,34.131656,-118.196956,,237054,2026-08-31T00:55:37Z
LA_METRO,VARIOUS LOCATIONS IN LA,0,ASSIGNED,1,08/31/2026 01:00,2026-08-31T08:00:00Z,33.931156,-118.376328,,237055,2026-08-31T00:55:37Z
LA_METRO,WESTLAKE,9,CREWS WORKING,1,,,34.072291,-118.275662,,237132,2026-08-31T06:57:56Z
LA_METRO,WESTLAKE,75,CREWS WORKING,1,08/31/2026 10:00,2026-08-31T17:00:00Z,34.058951,-118.26469900000001,,237158,2026-08-31T15:02:15Z
LA_METRO,VARIOUS LOCATIONS IN LA,0,ASSIGNED,1,09/01/2026 09:30,2026-09-01T16:30:00Z,34.015640999999995,-118.204615,,237196,2026-09-01T10:14:45Z
LA_METRO,DOWNTOWN,90,ASSIGNED,2,09/01/2026 10:30,2026-09-01T17:30:00Z,34.027055,-118.231864,,237257,2026-09-01T14:58:36Z
LA_METRO,DOWNTOWN,135,ASSIGNED,1,09/01/2026 10:30,2026-09-01T17:30:00Z,34.027055,-118.231851,,237258,2026-09-01T14:58:36Z
LA_METRO,HOLLYWOOD,36,ASSIGNED,1,09/01/2026 10:00,2026-09-01T17:00:00Z,34.09431,-118.334778,,237259,2026-09-01T14:58:36Z
LA_METRO,VARIOUS LOCATIONS IN LA,0,ASSIGNED,1,09/01/2026 09:30,2026-09-01T16:30:00Z,34.015640999999995,-118.204615,,237260,2026-09-01T14:58:36Z
LA_METRO,DOWNTOWN,1,REPORTED OUTAGE,3,09/01/2026 11:30,2026-09-01T18:30:00Z,34.017236,-118.231413,,237261,2026-09-01T14:58:36Z
LA_METRO,BOYLE HEIGHTS,1072,REPORTED OUTAGE,1,09/01/2026 15:00,2026-09-01T22:00:00Z,34.025922,-118.214373,,237305,2026-09-01T18:24:11Z
LA_METRO,HOLLYWOOD,36,CREWS WORKING,1,09/01/2026 16:30,2026-09-01T23:30:00Z,34.09431,-118.334778,,237306,2026-09-01T18:24:11Z
LA_METRO,VARIOUS LOCATIONS IN LA,0,ASSIGNED,1,09/01/2026 14:30,2026-09-01T21:30:00Z,34.015640999999995,-118.204615,,237307,2026-09-01T18:24:11Z
LA_METRO,DOWNTOWN,1752,CREWS WORKING,1,09/01/2026 14:30,2026-09-01T21:30:00Z,34.027054,-118.23190199999999,,237361,2026-09-01T21:17:19Z
LA_METRO,DOWNTOWN,3,ASSIGNED,3,09/01/2026 14:00,2026-09-01T21:00:00Z,34.018882,-118.231679,,237362,2026-09-01T21:17:19Z
LA_METRO,DOWNTOWN,105,ASSIGNED,2,09/01/2026 18:30,2026-09-02T01:30:00Z,34.027057,-118.23179,,237363,2026-09-01T21:17:19Z
LA_METRO,CYPRESS PARK,12,ASSIGNED,1,,,34.100794,-118.235913,,237364,2026-09-01T21:17:19Z
LA_METRO,VARIOUS LOCATIONS IN LA,0,ASSIGNED,1,09/01/2026 16:30,2026-09-01T23:30:00Z,34.015640999999995,-118.204615,,237365,2026-09-01T21:17:19Z
LA_METRO,DOWNTOWN,1752,CREWS WORKING,1,09/01/2026 14:30,2026-09-01T21:30:00Z,34.027054,-118.23190199999999,,237390,2026-09-01T23:23:04Z
LA_METRO,DOWNTOWN,3,ASSIGNED,2,09/01/2026 14:00,2026-09-01T21:00:00Z,34.018882,-118.231679,,237391,2026-09-01T23:23:04Z
LA_METRO,WILMINGTON,58,EN ROUTE,1,09/01/2026 19:30,2026-09-02T02:30:00Z,33.780336,-118.246819,,237392,2026-09-01T23:23:04Z
LA_METRO,VARIOUS LOCATIONS IN LA,0,ASSIGNED,1,09/01/2026 16:30,2026-09-01T23:30:00Z,34.015640999999995,-118.204615,,237393,2026-09-01T23:23:04Z
LA_METRO,SAN PEDRO,11,ASSIGNED,1,09/01/2026 17:00,2026-09-02T00:00:00Z,33.7383,-118.312813,,237428,2026-09-02T01:19:51Z
LA_METRO,BOYLE HEIGHTS,296,ASSIGNED,1,09/01/2026 20:30,2026-09-02T03:30:00Z,34.022152999999996,-118.211547,,237429,2026-09-02T01:19:51Z
LA_METRO,DOWNTOWN,3,ASSIGNED,1,09/01/2026 14:00,2026-09-01T21:00:00Z,34.018882,-118.231679,,237430,2026-09-02T01:19:51Z
LA_METRO,BOYLE HEIGHTS,15,CREWS WORKING,2,09/01/2026 15:30,2026-09-01T22:30:00Z,34.023458,-118.21772,,237431,2026-09-02T01:19:51Z
LA_METRO,LOS FELIZ,15,ASSIGNED,1,09/01/2026 21:30,2026-09-02T04:30:00Z,34.112277,-118.274109,,237432,2026-09-02T01:19:51Z
LA_METRO,WILMINGTON,66,EN ROUTE,1,09/01/2026 19:30,2026-09-02T02:30:00Z,33.780336,-118.246819,,237433,2026-09-02T01:19:51Z
LA_METRO,NORTH HOLLYWOOD,0,EN ROUTE,1,09/01/2026 22:00,2026-09-02T05:00:00Z,34.179992999999996,-118.386885,,237434,2026-09-02T01:19:51Z
LA_METRO,VARIOUS LOCATIONS IN LA,0,ASSIGNED,1,09/01/2026 16:30,2026-09-01T23:30:00Z,34.015640999999995,-118.204615,,237435,2026-09-02T01:19:51Z
LA_METRO,DOWNTOWN,3,ASSIGNED,1,09/01/2026 14:00,2026-09-01T21:00:00Z,34.018882,-118.231679,,237545,2026-09-02T05:57:28Z
LA_METRO,BOYLE HEIGHTS,413,CREWS WORKING,1,09/01/2026 15:30,2026-09-01T22:30:00Z,34.023458,-118.21772,,237546,2026-09-02T05:57:28Z
LA_METRO,LOS FELIZ,15,CREWS WORKING,1,,,34.112277,-118.274109,,237547,2026-09-02T05:57:28Z
LA_METRO,VARIOUS LOCATIONS IN LA,0,REPORTED OUTAGE,1,09/01/2026 16:30,2026-09-01T23:30:00Z,34.015640999999995,-118.204615,,237548,2026-09-02T05:57:28Z
LA_METRO,DOWNTOWN,3,ASSIGNED,1,09/01/2026 14:00,2026-09-01T21:00:00Z,34.018882,-118.231679,,237579,2026-09-02T11:10:20Z
LA_METRO,DOWNTOWN,3,EN ROUTE,1,09/02/2026 14:00,2026-09-02T21:00:00Z,34.018882,-118.231679,,237602,2026-09-02T15:08:55Z
LA_METRO,SUN VALLEY,0,CREWS WORKING,1,09/02/2026 15:30,2026-09-02T22:30:00Z,34.226265,-118.388182,,237603,2026-09-02T15:08:55Z
LA_METRO,HOLLYWOOD HILLS,204,CREWS WORKING,1,09/02/2026 21:30,2026-09-03T04:30:00Z,34.108405,-118.332571,,237615,2026-09-02T18:47:36Z
LA_METRO,ATWATER VILLAGE,0,CREWS WORKING,1,09/02/2026 15:00,2026-09-02T22:00:00Z,34.151590999999996,-118.274615,,237625,2026-09-02T21:22:04Z
LA_METRO,SUN VALLEY,0,ASSIGNED,1,09/02/2026 15:30,2026-09-02T22:30:00Z,34.226265,-118.388182,,237634,2026-09-02T23:26:40Z
LA_METRO,WEST HILLS,11,CREWS WORKING,1,,,34.206458,-118.632836,,237635,2026-09-02T23:26:40Z
LA_METRO,SUN VALLEY,0,ASSIGNED,1,09/02/2026 15:30,2026-09-02T22:30:00Z,34.226265,-118.388182,,237648,2026-09-03T01:24:38Z
LA_METRO,WEST HILLS,11,CREWS WORKING,1,,,34.206458,-118.632836,,237649,2026-09-03T01:24:38Z
LA_METRO,SUN VALLEY,0,ASSIGNED,1,09/02/2026 15:30,2026-09-02T22:30:00Z,34.226265,-118.388182,,237673,2026-09-03T06:26:43Z
LA_METRO,SUN VALLEY,0,CREWS WORKING,1,09/02/2026 15:30,2026-09-02T22:30:00Z,34.226265,-118.388182,,237693,2026-09-03T11:40:17Z
LA_METRO,TARZANA,53,ASSIGNED,1,09/03/2026 09:00,2026-09-03T16:00:00Z,34.172319,-118.53755699999999,,237704,2026-09-03T15:14:49Z
LA_METRO,ARLETA,65,REPORTED OUTAGE,1,09/03/2026 16:30,2026-09-03T23:30:00Z,34.259079,-118.44001399999999,,237705,2026-09-03T15:14:49Z
LA_METRO,ARLETA,65,REPORTED OUTAGE,1,09/03/2026 16:30,2026-09-03T23:30:00Z,34.259079,-118.44001399999999,,237741,2026-09-03T18:46:06Z
LA_METRO,HARBOR GATEWAY,1,ASSIGNED,1,09/03/2026 12:00,2026-09-03T19:00:00Z,33.857769999999995,-118.301579,,237742,2026-09-03T18:46:06Z
LA_METRO,ARLETA,65,REPORTED OUTAGE,1,09/03/2026 16:30,2026-09-03T23:30:00Z,34.259079,-118.44001399999999,,237768,2026-09-03T21:25:05Z
LA_METRO,NORTH HOLLYWOOD,310,EN ROUTE,1,,,34.161642,-118.375511,,237769,2026-09-03T21:25:05Z
LA_METRO,SUN VALLEY,2,REPORTED OUTAGE,1,09/03/2026 20:30,2026-09-04T03:30:00Z,34.234713,-118.393131,,237780,2026-09-03T23:30:20Z
LA_METRO,NORTH HOLLYWOOD,310,REPORTED OUTAGE,1,09/03/2026 20:00,2026-09-04T03:00:00Z,34.161642,-118.375511,,237781,2026-09-03T23:30:20Z
LA_METRO,DOWNTOWN,160,ASSIGNED,1,09/04/2026 01:30,2026-09-04T08:30:00Z,34.033754,-118.262576,,237806,2026-09-04T01:19:13Z
LA_METRO,SILVER LAKE,37,EN ROUTE,1,,,34.09344,-118.25912,,237807,2026-09-04T01:19:13Z
LA_METRO,SUN VALLEY,2,REPORTED OUTAGE,1,09/03/2026 20:30,2026-09-04T03:30:00Z,34.234713,-118.393131,,237808,2026-09-04T01:19:13Z
LA_METRO,GRANADA HILLS,0,CREWS WORKING,1,09/04/2026 07:30,2026-09-04T14:30:00Z,34.31104,-118.504741,,237836,2026-09-04T11:09:31Z
LA_METRO,ENCINO,12,EN ROUTE,1,09/04/2026 07:00,2026-09-04T14:00:00Z,34.147399,-118.503749,,237840,2026-09-04T15:00:04Z
LA_METRO,SHERMAN OAKS,0,CREWS WORKING,1,,,34.149941,-118.43895,,237858,2026-09-04T18:19:23Z
LA_METRO,SHERMAN OAKS,0,CREWS WORKING,1,,,34.149941,-118.43895,,237868,2026-09-04T20:51:32Z
LA_METRO,NORTH HOLLYWOOD,310,REPORTED OUTAGE,1,09/04/2026 21:30,2026-09-05T04:30:00Z,34.161642,-118.375511,,237869,2026-09-05T00:22:49Z
LA_METRO,CHINATOWN,2460,ASSIGNED,1,09/05/2026 07:30,2026-09-05T14:30:00Z,34.065922,-118.226445,,237884,2026-09-05T08:58:52Z
LA_METRO,LINCOLN HEIGHTS,348,REPORTED OUTAGE,1,09/05/2026 05:30,2026-09-05T12:30:00Z,34.062768999999996,-118.222256,,237885,2026-09-05T08:58:52Z
LA_METRO,CHINATOWN,2460,CREWS WORKING,1,09/05/2026 07:30,2026-09-05T14:30:00Z,34.065922,-118.226445,,237912,2026-09-05T12:37:24Z
LA_METRO,LINCOLN HEIGHTS,348,CREWS WORKING,1,09/05/2026 05:30,2026-09-05T12:30:00Z,34.062768999999996,-118.222256,,237913,2026-09-05T12:37:24Z
LA_METRO,WESTLAKE,96,REPORTED OUTAGE,1,09/05/2026 13:30,2026-09-05T20:30:00Z,34.071808,-118.272385,,237927,2026-09-05T17:43:33Z
LA_METRO,ELYSIAN PARK,16,ASSIGNED,1,09/05/2026 15:30,2026-09-05T22:30:00Z,34.076558,-118.232962,,237936,2026-09-05T21:40:51Z
LA_METRO,EL SERENO,462,ASSIGNED,1,09/05/2026 16:00,2026-09-05T23:00:00Z,34.062478999999996,-118.185052,,237937,2026-09-05T21:40:51Z
LA_METRO,HISTORIC SOUTH-CENTRAL,448,ASSIGNED,1,09/05/2026 19:30,2026-09-06T02:30:00Z,34.021682,-118.27052499999999,,237952,2026-09-05T23:24:09Z
LA_METRO,ELYSIAN PARK,48,ASSIGNED,1,09/05/2026 15:30,2026-09-05T22:30:00Z,34.076304,-118.233544,,237953,2026-09-05T23:24:09Z
LA_METRO,EL SERENO,489,CREWS WORKING,1,09/05/2026 16:00,2026-09-05T23:00:00Z,34.062478999999996,-118.185052,,237954,2026-09-05T23:24:09Z
LA_METRO,UNIVERSITY PARK,64,ASSIGNED,1,09/05/2026 19:00,2026-09-06T02:00:00Z,34.027944999999995,-118.289732,,237981,2026-09-06T01:18:03Z
LA_METRO,HISTORIC SOUTH-CENTRAL,448,CREWS WORKING,1,09/05/2026 19:30,2026-09-06T02:30:00Z,34.021682,-118.27052499999999,,237982,2026-09-06T01:18:03Z
LA_METRO,ELYSIAN PARK,48,EN ROUTE,1,09/05/2026 15:30,2026-09-05T22:30:00Z,34.076304,-118.233544,,237983,2026-09-06T01:18:03Z
LA_METRO,HANCOCK PARK,23,ASSIGNED,2,,,34.081116,-118.339215,,238051,2026-09-06T06:03:43Z
LA_METRO,UNIVERSITY PARK,64,ASSIGNED,1,,,34.027944999999995,-118.289732,,238052,2026-09-06T06:03:43Z
LA_METRO,HANCOCK PARK,35,ASSIGNED,1,,,34.066947,-118.337854,,238053,2026-09-06T06:03:43Z
LA_METRO,HANCOCK PARK,23,ASSIGNED,1,,,34.081116,-118.339215,,238098,2026-09-06T10:49:52Z
LA_METRO,NORTH HOLLYWOOD,68,CREWS WORKING,1,09/06/2026 03:00,2026-09-06T10:00:00Z,34.175334,-118.379544,,238099,2026-09-06T10:49:52Z
LA_METRO,VENICE,436,EN ROUTE,3,09/06/2026 07:30,2026-09-06T14:30:00Z,33.994394,-118.47762900000001,,238146,2026-09-06T13:49:44Z
LA_METRO,VARIOUS LOCATIONS IN LA,0,EN ROUTE,1,09/06/2026 13:30,2026-09-06T20:30:00Z,33.998087999999996,-118.462306,,238147,2026-09-06T13:49:44Z
LA_METRO,VENICE,3802,ASSIGNED,1,09/06/2026 09:30,2026-09-06T16:30:00Z,33.998245,-118.462061,,238148,2026-09-06T13:49:44Z
LA_METRO,HANCOCK PARK,23,ASSIGNED,1,,,34.081116,-118.339215,,238149,2026-09-06T13:49:44Z
LA_METRO,HOLLYWOOD,78,REPORTED OUTAGE,1,09/06/2026 07:30,2026-09-06T14:30:00Z,34.092819999999996,-118.3341,,238150,2026-09-06T13:49:44Z
LA_METRO,MAR VISTA,205,ASSIGNED,1,09/06/2026 13:30,2026-09-06T20:30:00Z,34.018277999999995,-118.424298,,238151,2026-09-06T13:49:44Z
LA_METRO,VENICE,1052,REPORTED OUTAGE,2,09/06/2026 08:00,2026-09-06T15:00:00Z,33.998211999999995,-118.46212299999999,,238152,2026-09-06T13:49:44Z
LA_METRO,NORTHRIDGE,11,REPORTED OUTAGE,1,,,34.228795999999996,-118.54406399999999,,238153,2026-09-06T13:49:44Z
LA_METRO,VENICE,503,CREWS WORKING,4,09/06/2026 07:30,2026-09-06T14:30:00Z,33.994394,-118.47762900000001,,238295,2026-09-06T16:29:11Z
LA_METRO,HISTORIC SOUTH-CENTRAL,1449,CREWS WORKING,1,09/06/2026 13:30,2026-09-06T20:30:00Z,34.018944999999995,-118.265036,,238296,2026-09-06T16:29:11Z
LA_METRO,VARIOUS LOCATIONS IN LA,0,ASSIGNED,1,09/06/2026 13:30,2026-09-06T20:30:00Z,33.998087999999996,-118.462306,,238297,2026-09-06T16:29:11Z
LA_METRO,VENICE,1819,ASSIGNED,1,09/06/2026 08:00,2026-09-06T15:00:00Z,33.998239999999996,-118.462071,,238298,2026-09-06T16:29:11Z
LA_METRO,VENICE,533,ASSIGNED,3,09/06/2026 11:30,2026-09-06T18:30:00Z,33.992338,-118.47059300000001,,238299,2026-09-06T16:29:11Z
LA_METRO,HANCOCK PARK,23,ASSIGNED,2,,,34.081116,-118.339215,,238300,2026-09-06T16:29:11Z
LA_METRO,MAR VISTA,205,ASSIGNED,1,09/06/2026 13:30,2026-09-06T20:30:00Z,34.018277999999995,-118.424298,,238301,2026-09-06T16:29:11Z
LA_METRO,VENICE,1052,ASSIGNED,2,09/06/2026 11:30,2026-09-06T18:30:00Z,33.998211999999995,-118.46212299999999,,238302,2026-09-06T16:29:11Z
LA_METRO,HOLLYWOOD HILLS WEST,183,CREWS WORKING,1,09/06/2026 08:30,2026-09-06T15:30:00Z,34.10191,-118.357359,,238303,2026-09-06T16:29:11Z
LA_METRO,CANOGA PARK,1019,ASSIGNED,1,09/06/2026 09:00,2026-09-06T16:00:00Z,34.201488999999995,-118.596176,,238304,2026-09-06T16:29:11Z
LA_METRO,HANCOCK PARK,35,ASSIGNED,1,,,34.066947,-118.337854,,238305,2026-09-06T16:29:11Z
LA_METRO,PLAYA DEL REY,632,REPORTED OUTAGE,1,09/06/2026 10:30,2026-09-06T17:30:00Z,33.95977,-118.438106,,238306,2026-09-06T16:29:11Z
LA_METRO,VENICE,40,ASSIGNED,5,09/06/2026 12:00,2026-09-06T19:00:00Z,33.977214,-118.460726,,238307,2026-09-06T16:29:11Z
LA_METRO,NORTHRIDGE,42,CREWS WORKING,1,,,34.228795999999996,-118.54406399999999,,238308,2026-09-06T16:29:11Z
LA_METRO,ENCINO,427,ASSIGNED,1,09/06/2026 13:00,2026-09-06T20:00:00Z,34.16525,-118.52547799999999,,238309,2026-09-06T16:29:11Z
LA_METRO,MAR VISTA,180,EN ROUTE,2,09/06/2026 14:30,2026-09-06T21:30:00Z,34.008162999999996,-118.435832,,238430,2026-09-06T18:36:25Z
LA_METRO,STUDIO CITY,748,EN ROUTE,1,09/06/2026 16:30,2026-09-06T23:30:00Z,34.124105,-118.375326,,238431,2026-09-06T18:36:25Z
LA_METRO,VENICE,503,CREWS WORKING,4,09/06/2026 07:30,2026-09-06T14:30:00Z,33.994394,-118.47762900000001,,238432,2026-09-06T18:36:25Z
LA_METRO,VENICE,1819,CREWS WORKING,2,09/06/2026 08:00,2026-09-06T15:00:00Z,33.998239999999996,-118.462071,,238433,2026-09-06T18:36:25Z
LA_METRO,MAR VISTA,58,ASSIGNED,3,09/06/2026 15:30,2026-09-06T22:30:00Z,34.008801999999996,-118.425088,,238434,2026-09-06T18:36:25Z
LA_METRO,WESTCHESTER,63,REPORTED OUTAGE,1,09/06/2026 11:30,2026-09-06T18:30:00Z,33.931227,-118.37606099999999,,238435,2026-09-06T18:36:25Z
LA_METRO,VENICE,3802,CREWS WORKING,1,09/06/2026 11:30,2026-09-06T18:30:00Z,33.992338,-118.47059300000001,,238436,2026-09-06T18:36:25Z
LA_METRO,HANCOCK PARK,23,ASSIGNED,2,,,34.081116,-118.339215,,238437,2026-09-06T18:36:25Z
LA_METRO,MAR VISTA,205,ASSIGNED,1,09/06/2026 13:30,2026-09-06T20:30:00Z,34.018277999999995,-118.424298,,238438,2026-09-06T18:36:25Z
LA_METRO,VENICE,1053,ASSIGNED,3,09/06/2026 11:30,2026-09-06T18:30:00Z,33.998211999999995,-118.46212299999999,,238439,2026-09-06T18:36:25Z
LA_METRO,CANOGA PARK,1001,CREWS WORKING,1,09/06/2026 13:00,2026-09-06T20:00:00Z,34.201488999999995,-118.596176,,238440,2026-09-06T18:36:25Z
LA_METRO,HANCOCK PARK,35,ASSIGNED,1,,,34.066947,-118.337854,,238441,2026-09-06T18:36:25Z
LA_METRO,PLAYA DEL REY,632,REPORTED OUTAGE,1,09/06/2026 10:30,2026-09-06T17:30:00Z,33.95977,-118.438106,,238442,2026-09-06T18:36:25Z
LA_METRO,EXPOSITION PARK,760,CREWS WORKING,1,09/06/2026 18:30,2026-09-07T01:30:00Z,34.016459,-118.307648,,238443,2026-09-06T18:36:25Z
LA_METRO,VENICE,40,REPORTED OUTAGE,5,09/06/2026 12:00,2026-09-06T19:00:00Z,33.977214,-118.460726,,238444,2026-09-06T18:36:25Z
LA_METRO,WOODLAND HILLS,180,CREWS WORKING,1,09/06/2026 12:00,2026-09-06T19:00:00Z,34.161016,-118.605306,,238445,2026-09-06T18:36:25Z
LA_METRO,CHEVIOT HILLS,15,ASSIGNED,1,09/06/2026 12:30,2026-09-06T19:30:00Z,34.037681,-118.414903,,238446,2026-09-06T18:36:25Z
LA_METRO,HOLLYWOOD HILLS,421,CREWS WORKING,1,09/06/2026 14:30,2026-09-06T21:30:00Z,34.122624,-118.351406,,238447,2026-09-06T18:36:25Z
LA_METRO,PALMS,40,REPORTED OUTAGE,1,09/06/2026 15:00,2026-09-06T22:00:00Z,34.021347999999996,-118.419068,,238448,2026-09-06T18:36:25Z
LA_METRO,NORTHRIDGE,42,CREWS WORKING,1,,,34.228795999999996,-118.54406399999999,,238449,2026-09-06T18:36:25Z
LA_METRO,MAR VISTA,52,CREWS WORKING,3,09/06/2026 14:30,2026-09-06T21:30:00Z,34.010028999999996,-118.437547,,238592,2026-09-06T20:48:59Z
LA_METRO,STUDIO CITY,748,CREWS WORKING,1,09/06/2026 16:30,2026-09-06T23:30:00Z,34.124105,-118.375326,,238593,2026-09-06T20:48:59Z
LA_METRO,ECHO PARK,1895,EN ROUTE,1,09/06/2026 14:00,2026-09-06T21:00:00Z,34.059227,-118.25534999999999,,238594,2026-09-06T20:48:59Z
LA_METRO,VENICE,503,CREWS WORKING,3,09/06/2026 07:30,2026-09-06T14:30:00Z,33.994394,-118.47762900000001,,238595,2026-09-06T20:48:59Z
LA_METRO,VENICE,1819,CREWS WORKING,1,09/06/2026 08:00,2026-09-06T15:00:00Z,33.998239999999996,-118.462071,,238596,2026-09-06T20:48:59Z
LA_METRO,MAR VISTA,136,ASSIGNED,2,09/06/2026 15:30,2026-09-06T22:30:00Z,34.014362,-118.428162,,238597,2026-09-06T20:48:59Z
LA_METRO,WESTCHESTER,63,REPORTED OUTAGE,1,09/06/2026 11:30,2026-09-06T18:30:00Z,33.931227,-118.37606099999999,,238598,2026-09-06T20:48:59Z
LA_METRO,HANCOCK PARK,23,ASSIGNED,2,,,34.081116,-118.339215,,238599,2026-09-06T20:48:59Z
LA_METRO,MAR VISTA,205,ASSIGNED,1,09/06/2026 13:30,2026-09-06T20:30:00Z,34.018277999999995,-118.424298,,238600,2026-09-06T20:48:59Z
LA_METRO,VENICE,1053,EN ROUTE,2,09/06/2026 11:30,2026-09-06T18:30:00Z,33.998211999999995,-118.46212299999999,,238601,2026-09-06T20:48:59Z
LA_METRO,HANCOCK PARK,35,ASSIGNED,1,,,34.066947,-118.337854,,238602,2026-09-06T20:48:59Z
LA_METRO,PLAYA DEL REY,632,REPORTED OUTAGE,1,09/06/2026 10:30,2026-09-06T17:30:00Z,33.95977,-118.438106,,238603,2026-09-06T20:48:59Z
LA_METRO,VENICE,40,REPORTED OUTAGE,4,09/06/2026 12:00,2026-09-06T19:00:00Z,33.977214,-118.460726,,238604,2026-09-06T20:48:59Z
LA_METRO,PACOIMA,0,EN ROUTE,1,09/06/2026 11:30,2026-09-06T18:30:00Z,34.258596,-118.426052,,238605,2026-09-06T20:48:59Z
LA_METRO,CHEVIOT HILLS,15,ASSIGNED,1,09/06/2026 12:30,2026-09-06T19:30:00Z,34.037681,-118.414903,,238606,2026-09-06T20:48:59Z
LA_METRO,HOLLYWOOD HILLS,453,CREWS WORKING,1,09/06/2026 14:30,2026-09-06T21:30:00Z,34.122624,-118.351406,,238607,2026-09-06T20:48:59Z
LA_METRO,WESTLAKE,104,REPORTED OUTAGE,2,09/06/2026 16:30,2026-09-06T23:30:00Z,34.059703,-118.265675,,238608,2026-09-06T20:48:59Z
LA_METRO,WESTLAKE,190,ASSIGNED,1,09/06/2026 17:00,2026-09-07T00:00:00Z,34.057559999999995,-118.265495,,238609,2026-09-06T20:48:59Z
LA_METRO,ECHO PARK,1984,CREWS WORKING,1,09/06/2026 14:00,2026-09-06T21:00:00Z,34.059227,-118.25534999999999,,238710,2026-09-06T22:27:59Z
LA_METRO,MAR VISTA,137,ASSIGNED,2,09/06/2026 15:30,2026-09-06T22:30:00Z,34.014362,-118.428162,,238711,2026-09-06T22:27:59Z
LA_METRO,WESTCHESTER,63,REPORTED OUTAGE,1,09/06/2026 11:30,2026-09-06T18:30:00Z,33.931227,-118.37606099999999,,238712,2026-09-06T22:27:59Z
LA_METRO,HANCOCK PARK,23,EN ROUTE,2,,,34.081116,-118.339215,,238713,2026-09-06T22:27:59Z
LA_METRO,MAR VISTA,205,ASSIGNED,1,09/06/2026 13:30,2026-09-06T20:30:00Z,34.018277999999995,-118.424298,,238714,2026-09-06T22:27:59Z
LA_METRO,VENICE,304,CREWS WORKING,1,09/06/2026 11:30,2026-09-06T18:30:00Z,33.99614,-118.457272,,238715,2026-09-06T22:27:59Z
LA_METRO,HANCOCK PARK,35,ASSIGNED,1,,,34.066947,-118.337854,,238716,2026-09-06T22:27:59Z
LA_METRO,PLAYA DEL REY,632,REPORTED OUTAGE,1,09/06/2026 10:30,2026-09-06T17:30:00Z,33.95977,-118.438106,,238717,2026-09-06T22:27:59Z
LA_METRO,ENCINO,12,ASSIGNED,1,09/06/2026 13:00,2026-09-06T20:00:00Z,34.159723,-118.474872,,238718,2026-09-06T22:27:59Z
LA_METRO,VENICE,40,REPORTED OUTAGE,2,09/06/2026 12:00,2026-09-06T19:00:00Z,33.977214,-118.460726,,238719,2026-09-06T22:27:59Z
LA_METRO,CHEVIOT HILLS,15,ASSIGNED,1,09/06/2026 12:30,2026-09-06T19:30:00Z,34.037681,-118.414903,,238720,2026-09-06T22:27:59Z
LA_METRO,HOLLYWOOD HILLS,453,CREWS WORKING,1,09/06/2026 14:30,2026-09-06T21:30:00Z,34.122624,-118.351406,,238721,2026-09-06T22:27:59Z
LA_METRO,PALMS,40,REPORTED OUTAGE,1,09/06/2026 16:30,2026-09-06T23:30:00Z,34.021347999999996,-118.419068,,238722,2026-09-06T22:27:59Z
LA_METRO,SAWTELLE,10,REPORTED OUTAGE,1,09/06/2026 15:00,2026-09-06T22:00:00Z,34.033991,-118.435328,,238723,2026-09-06T22:27:59Z
LA_METRO,NORTHRIDGE,121,CREWS WORKING,1,09/06/2026 17:30,2026-09-07T00:30:00Z,34.242126,-118.568344,,238724,2026-09-06T22:27:59Z
LA_METRO,MAR VISTA,137,ASSIGNED,2,09/06/2026 15:30,2026-09-06T22:30:00Z,34.014362,-118.428162,,238810,2026-09-07T00:18:07Z
LA_METRO,WESTCHESTER,63,CREWS WORKING,1,09/06/2026 11:30,2026-09-06T18:30:00Z,33.931227,-118.37606099999999,,238811,2026-09-07T00:18:07Z
LA_METRO,MAR VISTA,205,ASSIGNED,1,09/06/2026 13:30,2026-09-06T20:30:00Z,34.018277999999995,-118.424298,,238812,2026-09-07T00:18:07Z
LA_METRO,VENICE,8,ASSIGNED,3,09/06/2026 08:00,2026-09-06T15:00:00Z,33.981273,-118.464157,,238813,2026-09-07T00:18:07Z
LA_METRO,VENICE,304,CREWS WORKING,1,09/06/2026 11:30,2026-09-06T18:30:00Z,33.99614,-118.457272,,238814,2026-09-07T00:18:07Z
LA_METRO,WESTWOOD,17,REPORTED OUTAGE,1,09/06/2026 16:00,2026-09-06T23:00:00Z,34.061228,-118.425966,,238815,2026-09-07T00:18:07Z
LA_METRO,PLAYA DEL REY,632,ASSIGNED,1,09/06/2026 10:30,2026-09-06T17:30:00Z,33.95977,-118.438106,,238816,2026-09-07T00:18:07Z
LA_METRO,ENCINO,12,ASSIGNED,1,09/06/2026 13:00,2026-09-06T20:00:00Z,34.159723,-118.474872,,238817,2026-09-07T00:18:07Z
LA_METRO,VENICE,40,REPORTED OUTAGE,2,09/06/2026 12:00,2026-09-06T19:00:00Z,33.977214,-118.460726,,238818,2026-09-07T00:18:07Z
LA_METRO,CHEVIOT HILLS,15,ASSIGNED,1,09/06/2026 12:30,2026-09-06T19:30:00Z,34.037681,-118.414903,,238819,2026-09-07T00:18:07Z
LA_METRO,HOLLYWOOD HILLS,453,CREWS WORKING,1,09/06/2026 14:30,2026-09-06T21:30:00Z,34.122624,-118.351406,,238820,2026-09-07T00:18:07Z
LA_METRO,SAWTELLE,10,ASSIGNED,1,09/06/2026 15:00,2026-09-06T22:00:00Z,34.033991,-118.435328,,238821,2026-09-07T00:18:07Z
LA_METRO,NORTHRIDGE,126,CREWS WORKING,1,09/06/2026 17:30,2026-09-07T00:30:00Z,34.242126,-118.568344,,238822,2026-09-07T00:18:07Z
LA_METRO,VENICE,8,REPORTED OUTAGE,2,,,33.981273,-118.464157,,239115,2026-09-07T04:55:37Z
LA_METRO,WESTWOOD,17,ASSIGNED,1,09/06/2026 16:00,2026-09-06T23:00:00Z,34.061228,-118.425966,,239116,2026-09-07T04:55:37Z
LA_METRO,WESTCHESTER,63,CREWS WORKING,1,09/06/2026 11:30,2026-09-06T18:30:00Z,33.931227,-118.37606099999999,,239117,2026-09-07T04:55:37Z
LA_METRO,HOLLYWOOD HILLS,358,REPORTED OUTAGE,1,09/06/2026 20:00,2026-09-07T03:00:00Z,34.11047,-118.326745,,239118,2026-09-07T04:55:37Z
LA_METRO,HANCOCK PARK,35,ASSIGNED,1,09/06/2026 21:00,2026-09-07T04:00:00Z,34.066947,-118.337854,,239119,2026-09-07T04:55:37Z
LA_METRO,BRENTWOOD,23,REPORTED OUTAGE,1,09/07/2026 00:00,2026-09-07T07:00:00Z,34.047747,-118.490021,,239120,2026-09-07T04:55:37Z
LA_METRO,PACIFIC PALISADES,510,REPORTED OUTAGE,1,09/07/2026 00:30,2026-09-07T07:30:00Z,34.057854,-118.492939,,239121,2026-09-07T04:55:37Z
LA_METRO,SANTA MONICA,195,CREWS WORKING,1,09/06/2026 20:30,2026-09-07T03:30:00Z,34.050323999999996,-118.494261,,239122,2026-09-07T04:55:37Z
LA_METRO,CHEVIOT HILLS,15,ASSIGNED,2,09/06/2026 12:30,2026-09-06T19:30:00Z,34.037681,-118.414903,,239123,2026-09-07T04:55:37Z
LA_METRO,CHEVIOT HILLS,324,REPORTED OUTAGE,1,09/06/2026 21:00,2026-09-07T04:00:00Z,34.036406,-118.40760900000001,,239124,2026-09-07T04:55:37Z
LA_METRO,ENCINO,12,ASSIGNED,2,09/06/2026 13:00,2026-09-06T20:00:00Z,34.159723,-118.474872,,239125,2026-09-07T04:55:37Z
LA_METRO,ENCINO,637,CREWS WORKING,1,09/07/2026 00:00,2026-09-07T07:00:00Z,34.155364,-118.48092199999999,,239126,2026-09-07T04:55:37Z
LA_METRO,PLAYA DEL REY,632,ASSIGNED,1,09/06/2026 10:30,2026-09-06T17:30:00Z,33.95977,-118.438106,,239127,2026-09-07T04:55:37Z
LA_METRO,SAWTELLE,10,ASSIGNED,1,09/06/2026 15:00,2026-09-06T22:00:00Z,34.033991,-118.435328,,239128,2026-09-07T04:55:37Z
LA_METRO,VENICE,40,REPORTED OUTAGE,1,09/06/2026 12:00,2026-09-06T19:00:00Z,33.977214,-118.460726,,239129,2026-09-07T04:55:37Z
LA_METRO,NORTHRIDGE,126,ASSIGNED,1,09/06/2026 17:30,2026-09-07T00:30:00Z,34.242126,-118.568344,,239130,2026-09-07T04:55:37Z
LA_METRO,MAR VISTA,205,ASSIGNED,1,09/06/2026 13:30,2026-09-06T20:30:00Z,34.018277999999995,-118.424298,,239131,2026-09-07T04:55:37Z
LA_METRO,VENICE,8,ASSIGNED,1,,,33.981273,-118.464157,,239445,2026-09-07T10:09:57Z
LA_METRO,WESTWOOD,1035,CREWS WORKING,1,,,34.061205,-118.427984,,239446,2026-09-07T10:09:57Z
LA_METRO,HANCOCK PARK,35,REPORTED OUTAGE,1,,,34.066947,-118.337854,,239447,2026-09-07T10:09:57Z
LA_METRO,BRENTWOOD,23,ASSIGNED,1,09/07/2026 00:00,2026-09-07T07:00:00Z,34.047747,-118.490021,,239448,2026-09-07T10:09:57Z
LA_METRO,CHEVIOT HILLS,15,ASSIGNED,1,,,34.037681,-118.414903,,239449,2026-09-07T10:09:57Z
LA_METRO,CHEVIOT HILLS,11,ASSIGNED,2,09/06/2026 21:00,2026-09-07T04:00:00Z,34.033930999999995,-118.404623,,239450,2026-09-07T10:09:57Z
LA_METRO,ENCINO,12,ASSIGNED,1,09/06/2026 13:00,2026-09-06T20:00:00Z,34.159723,-118.474872,,239451,2026-09-07T10:09:57Z
LA_METRO,SAWTELLE,10,ASSIGNED,1,,,34.033991,-118.435328,,239452,2026-09-07T10:09:57Z
LA_METRO,NORTHRIDGE,126,CREWS WORKING,1,09/06/2026 17:30,2026-09-07T00:30:00Z,34.242126,-118.568344,,239453,2026-09-07T10:09:57Z
LA_METRO,VENICE,8,ASSIGNED,1,,,33.981273,-118.464157,,239646,2026-09-07T15:55:20Z
LA_METRO,WESTWOOD,17,ASSIGNED,1,09/07/2026 08:30,2026-09-07T15:30:00Z,34.061228,-118.425966,,239647,2026-09-07T15:55:20Z
LA_METRO,HOLLYWOOD HILLS,45,ASSIGNED,2,09/07/2026 10:00,2026-09-07T17:00:00Z,34.113265999999996,-118.325466,,239648,2026-09-07T15:55:20Z
LA_METRO,HOLLYWOOD HILLS,358,ASSIGNED,1,09/06/2026 20:00,2026-09-07T03:00:00Z,34.11047,-118.326745,,239649,2026-09-07T15:55:20Z
LA_METRO,HANCOCK PARK,35,ASSIGNED,1,,,34.066947,-118.337854,,239650,2026-09-07T15:55:20Z
LA_METRO,MAR VISTA,71,EN ROUTE,1,09/07/2026 12:00,2026-09-07T19:00:00Z,34.019725,-118.43531899999999,,239651,2026-09-07T15:55:20Z
LA_METRO,BRENTWOOD,40,ASSIGNED,1,09/07/2026 00:00,2026-09-07T07:00:00Z,34.047747,-118.490021,,239652,2026-09-07T15:55:20Z
LA_METRO,CHEVIOT HILLS,15,ASSIGNED,2,,,34.037681,-118.414903,,239653,2026-09-07T15:55:20Z
LA_METRO,CHEVIOT HILLS,23,EN ROUTE,1,,,34.033930999999995,-118.404623,,239654,2026-09-07T15:55:20Z
LA_METRO,ENCINO,12,CREWS WORKING,1,09/06/2026 13:00,2026-09-06T20:00:00Z,34.159723,-118.474872,,239655,2026-09-07T15:55:20Z
LA_METRO,LARCHMONT,1550,CREWS WORKING,1,09/07/2026 10:30,2026-09-07T17:30:00Z,34.077107999999996,-118.311313,,239656,2026-09-07T15:55:20Z
LA_METRO,SAWTELLE,10,ASSIGNED,1,,,34.033991,-118.435328,,239657,2026-09-07T15:55:20Z
LA_METRO,HOLLYWOOD,21,ASSIGNED,1,09/07/2026 17:30,2026-09-08T00:30:00Z,34.100871999999995,-118.35457,,239859,2026-09-07T19:52:30Z
LA_METRO,VENICE,8,EN ROUTE,1,,,33.981273,-118.464157,,239860,2026-09-07T19:52:30Z
LA_METRO,WESTWOOD,4,ASSIGNED,2,09/06/2026 18:30,2026-09-07T01:30:00Z,34.061935999999996,-118.42602099999999,,239861,2026-09-07T19:52:30Z
LA_METRO,WESTWOOD,17,ASSIGNED,1,09/07/2026 08:30,2026-09-07T15:30:00Z,34.061228,-118.425966,,239862,2026-09-07T19:52:30Z
LA_METRO,HOLLYWOOD HILLS,358,EN ROUTE,1,09/06/2026 20:00,2026-09-07T03:00:00Z,34.11047,-118.326745,,239863,2026-09-07T19:52:30Z
LA_METRO,HANCOCK PARK,121,CREWS WORKING,1,,,34.068867,-118.340896,,239864,2026-09-07T19:52:30Z
LA_METRO,MAR VISTA,116,CREWS WORKING,1,09/07/2026 12:00,2026-09-07T19:00:00Z,34.019725,-118.43531899999999,,239865,2026-09-07T19:52:30Z
LA_METRO,CHEVIOT HILLS,15,ASSIGNED,2,,,34.037681,-118.414903,,239866,2026-09-07T19:52:30Z
LA_METRO,CHEVIOT HILLS,23,ASSIGNED,1,,,34.033930999999995,-118.404623,,239867,2026-09-07T19:52:30Z
LA_METRO,ENCINO,12,CREWS WORKING,1,09/06/2026 13:00,2026-09-06T20:00:00Z,34.159723,-118.474872,,239868,2026-09-07T19:52:30Z
LA_METRO,HOLLYWOOD HILLS WEST,3,ASSIGNED,1,09/07/2026 13:00,2026-09-07T20:00:00Z,34.10904,-118.385383,,239869,2026-09-07T19:52:30Z
LA_METRO,SAWTELLE,10,ASSIGNED,1,,,34.033991,-118.435328,,239870,2026-09-07T19:52:30Z
LA_METRO,VENICE,4,ASSIGNED,2,09/07/2026 16:30,2026-09-07T23:30:00Z,34.001052,-118.464191,,239871,2026-09-07T19:52:30Z
LA_METRO,HOLLYWOOD,21,ASSIGNED,1,09/07/2026 17:30,2026-09-08T00:30:00Z,34.100871999999995,-118.35457,,240010,2026-09-07T22:45:41Z
LA_METRO,HISTORIC SOUTH-CENTRAL,448,CREWS WORKING,1,09/07/2026 18:00,2026-09-08T01:00:00Z,34.021682,-118.27052499999999,,240011,2026-09-07T22:45:41Z
LA_METRO,WESTWOOD,4,ASSIGNED,2,09/06/2026 18:30,2026-09-07T01:30:00Z,34.061935999999996,-118.42602099999999,,240012,2026-09-07T22:45:41Z
LA_METRO,WESTWOOD,17,ASSIGNED,1,09/07/2026 08:30,2026-09-07T15:30:00Z,34.061228,-118.425966,,240013,2026-09-07T22:45:41Z
LA_METRO,HOLLYWOOD HILLS,358,CREWS WORKING,1,09/06/2026 20:00,2026-09-07T03:00:00Z,34.11047,-118.326745,,240014,2026-09-07T22:45:41Z
LA_METRO,CHEVIOT HILLS,15,ASSIGNED,2,,,34.037681,-118.414903,,240015,2026-09-07T22:45:41Z
LA_METRO,CHEVIOT HILLS,23,CREWS WORKING,1,,,34.033930999999995,-118.404623,,240016,2026-09-07T22:45:41Z
LA_METRO,WEST HILLS,542,CREWS WORKING,1,09/07/2026 20:00,2026-09-08T03:00:00Z,34.209458999999995,-118.642079,,240017,2026-09-07T22:45:41Z
LA_METRO,SAWTELLE,10,ASSIGNED,1,,,34.033991,-118.435328,,240018,2026-09-07T22:45:41Z
LA_METRO,VENICE,4,ASSIGNED,1,09/07/2026 16:30,2026-09-07T23:30:00Z,34.001052,-118.464191,,240019,2026-09-07T22:45:41Z
LA_METRO,HOLLYWOOD,21,ASSIGNED,1,09/07/2026 17:30,2026-09-08T00:30:00Z,34.100871999999995,-118.35457,,240091,2026-09-08T00:44:26Z
LA_METRO,SHERMAN OAKS,13,CREWS WORKING,1,09/07/2026 20:30,2026-09-08T03:30:00Z,34.167816,-118.464116,,240092,2026-09-08T00:44:26Z
LA_METRO,WESTWOOD,4,ASSIGNED,2,09/06/2026 18:30,2026-09-07T01:30:00Z,34.061935999999996,-118.42602099999999,,240093,2026-09-08T00:44:26Z
LA_METRO,WESTWOOD,17,ASSIGNED,1,09/07/2026 08:30,2026-09-07T15:30:00Z,34.061228,-118.425966,,240094,2026-09-08T00:44:26Z
LA_METRO,HOLLYWOOD HILLS,430,CREWS WORKING,1,09/06/2026 20:00,2026-09-07T03:00:00Z,34.110392,-118.3267,,240095,2026-09-08T00:44:26Z
LA_METRO,CHEVIOT HILLS,15,ASSIGNED,2,,,34.037681,-118.414903,,240096,2026-09-08T00:44:26Z
LA_METRO,CHEVIOT HILLS,23,CREWS WORKING,1,,,34.033930999999995,-118.404623,,240097,2026-09-08T00:44:26Z
LA_METRO,WEST HILLS,542,CREWS WORKING,1,09/07/2026 20:00,2026-09-08T03:00:00Z,34.187884,-118.643542,,240098,2026-09-08T00:44:26Z
LA_METRO,SAWTELLE,10,ASSIGNED,1,,,34.033991,-118.435328,,240099,2026-09-08T00:44:26Z
LA_METRO,VENICE,4,ASSIGNED,1,09/07/2026 16:30,2026-09-07T23:30:00Z,34.001052,-118.464191,,240100,2026-09-08T00:44:26Z
LA_METRO,PICO-UNION,63,ASSIGNED,1,09/07/2026 22:30,2026-09-08T05:30:00Z,34.041879,-118.290595,,240291,2026-09-08T05:22:09Z
LA_METRO,FLORENCE,54,ASSIGNED,1,09/08/2026 02:00,2026-09-08T09:00:00Z,33.967368,-118.280183,,240292,2026-09-08T05:22:09Z
LA_METRO,WESTWOOD,4,REPORTED OUTAGE,3,,,34.061935999999996,-118.42602099999999,,240293,2026-09-08T05:22:09Z
LA_METRO,WESTWOOD,17,CREWS WORKING,2,09/07/2026 08:30,2026-09-07T15:30:00Z,34.061228,-118.425966,,240294,2026-09-08T05:22:09Z
LA_METRO,HOLLYWOOD HILLS,112,CREWS WORKING,1,09/06/2026 20:00,2026-09-07T03:00:00Z,34.119485,-118.32580899999999,,240295,2026-09-08T05:22:09Z
LA_METRO,CHEVIOT HILLS,15,ASSIGNED,1,,,34.037681,-118.414903,,240296,2026-09-08T05:22:09Z
LA_METRO,WEST HILLS,112,REPORTED OUTAGE,1,09/08/2026 02:00,2026-09-08T09:00:00Z,34.213117,-118.646734,,240297,2026-09-08T05:22:09Z
LA_METRO,WEST HILLS,16,CREWS WORKING,2,09/07/2026 20:00,2026-09-08T03:00:00Z,34.213381,-118.649182,,240298,2026-09-08T05:22:09Z
LA_METRO,BRENTWOOD,15,ASSIGNED,1,09/07/2026 21:30,2026-09-08T04:30:00Z,34.065346999999996,-118.480178,,240299,2026-09-08T05:22:09Z
LA_METRO,WESTWOOD,348,CREWS WORKING,1,09/07/2026 16:30,2026-09-07T23:30:00Z,34.067161999999996,-118.44961599999999,,240300,2026-09-08T05:22:09Z
LA_METRO,SAWTELLE,10,REPORTED OUTAGE,1,,,34.033991,-118.435328,,240301,2026-09-08T05:22:09Z
LA_METRO,VENICE,4,ASSIGNED,1,09/07/2026 16:30,2026-09-07T23:30:00Z,34.001052,-118.464191,,240302,2026-09-08T05:22:09Z
LA_METRO,SAN PEDRO,19,REPORTED OUTAGE,1,,,33.750946,-118.307464,,240303,2026-09-08T05:22:09Z
LA_METRO,PICO-UNION,63,EN ROUTE,1,,,34.041879,-118.290595,,240510,2026-09-08T09:53:34Z
LA_METRO,CHEVIOT HILLS,11,ASSIGNED,2,09/08/2026 02:30,2026-09-08T09:30:00Z,34.034524,-118.40099599999999,,240511,2026-09-08T09:53:34Z
LA_METRO,WESTWOOD,4,ASSIGNED,2,,,34.061935999999996,-118.42602099999999,,240512,2026-09-08T09:53:34Z
LA_METRO,CHEVIOT HILLS,15,ASSIGNED,1,,,34.037681,-118.414903,,240513,2026-09-08T09:53:34Z
LA_METRO,WEST HILLS,96,ASSIGNED,1,09/08/2026 02:00,2026-09-08T09:00:00Z,34.213117,-118.646734,,240514,2026-09-08T09:53:34Z
LA_METRO,WEST HILLS,16,CREWS WORKING,2,09/07/2026 20:00,2026-09-08T03:00:00Z,34.213381,-118.649182,,240515,2026-09-08T09:53:34Z
LA_METRO,BRENTWOOD,15,ASSIGNED,1,,,34.065346999999996,-118.480178,,240516,2026-09-08T09:53:34Z
LA_METRO,WESTWOOD,348,CREWS WORKING,1,09/07/2026 16:30,2026-09-07T23:30:00Z,34.067161999999996,-118.44961599999999,,240517,2026-09-08T09:53:34Z
LA_METRO,SAWTELLE,10,ASSIGNED,1,,,34.033991,-118.435328,,240518,2026-09-08T09:53:34Z
LA_METRO,VENICE,4,ASSIGNED,1,,,34.001052,-118.464191,,240519,2026-09-08T09:53:34Z
LA_METRO,HOLLYWOOD,0,ASSIGNED,1,,,34.100871999999995,-118.35457,,240679,2026-09-08T18:03:33Z
LA_METRO,CHEVIOT HILLS,11,CREWS WORKING,1,09/08/2026 02:30,2026-09-08T09:30:00Z,34.034524,-118.40099599999999,,240680,2026-09-08T18:03:33Z
LA_METRO,DEL REY,1,ASSIGNED,1,09/08/2026 14:30,2026-09-08T21:30:00Z,33.984116,-118.427553,,240681,2026-09-08T18:03:33Z
LA_METRO,HOLLYWOOD,0,EN ROUTE,1,,,34.100871999999995,-118.35457,,240728,2026-09-08T21:05:05Z
LA_METRO,KOREATOWN,44,CREWS WORKING,1,,,34.057235999999996,-118.291695,,240729,2026-09-08T21:05:05Z
LA_METRO,CHEVIOT HILLS,11,CREWS WORKING,1,09/08/2026 02:30,2026-09-08T09:30:00Z,34.034524,-118.40099599999999,,240730,2026-09-08T21:05:05Z
LA_METRO,JEFFERSON PARK,1,ASSIGNED,1,09/08/2026 15:30,2026-09-08T22:30:00Z,34.022221,-118.330088,,240731,2026-09-08T21:05:05Z
LA_METRO,KOREATOWN,44,CREWS WORKING,1,,,34.057235999999996,-118.291695,,240763,2026-09-08T23:21:29Z
LA_METRO,HISTORIC SOUTH-CENTRAL,3,ASSIGNED,1,09/08/2026 17:00,2026-09-09T00:00:00Z,34.025743,-118.267001,,240764,2026-09-08T23:21:29Z
LA_METRO,PALMS,58,CREWS WORKING,1,09/08/2026 17:30,2026-09-09T00:30:00Z,34.031997,-118.39379,,240765,2026-09-08T23:21:29Z
LA_METRO,JEFFERSON PARK,1,ASSIGNED,1,09/08/2026 17:30,2026-09-09T00:30:00Z,34.022221,-118.330088,,240766,2026-09-08T23:21:29Z
LA_METRO,LINCOLN HEIGHTS,1922,CREWS WORKING,1,09/08/2026 20:30,2026-09-09T03:30:00Z,34.067534,-118.213745,,240815,2026-09-09T01:19:10Z
LA_METRO,KOREATOWN,44,CREWS WORKING,1,,,34.057235999999996,-118.291695,,240816,2026-09-09T01:19:10Z
LA_METRO,HISTORIC SOUTH-CENTRAL,3,ASSIGNED,1,09/08/2026 20:00,2026-09-09T03:00:00Z,34.025743,-118.267001,,240817,2026-09-09T01:19:10Z
LA_METRO,BOYLE HEIGHTS,3,ASSIGNED,1,09/08/2026 20:30,2026-09-09T03:30:00Z,34.034756,-118.202983,,240818,2026-09-09T01:19:10Z
LA_METRO,EAST HOLLYWOOD,65,ASSIGNED,1,09/08/2026 21:30,2026-09-09T04:30:00Z,34.097372,-118.304967,,240819,2026-09-09T01:19:10Z
LA_METRO,BALDWIN HILLS/CRENSHAW,2117,CREWS WORKING,1,09/08/2026 23:00,2026-09-09T06:00:00Z,34.02548,-118.365819,,240820,2026-09-09T01:19:10Z
LA_METRO,WEST LOS ANGELES,1056,CREWS WORKING,1,09/08/2026 23:00,2026-09-09T06:00:00Z,34.080042,-118.31013300000001,,240821,2026-09-09T01:19:10Z
LA_METRO,JEFFERSON PARK,1,ASSIGNED,1,09/08/2026 21:30,2026-09-09T04:30:00Z,34.022221,-118.330088,,240822,2026-09-09T01:19:10Z
LA_METRO,HARBOR GATEWAY,4,CREWS WORKING,1,,,33.918624,-118.287533,,240968,2026-09-09T06:06:04Z
LA_METRO,CENTRAL-ALAMEDA,48,EN ROUTE,1,09/09/2026 00:30,2026-09-09T07:30:00Z,34.009228,-118.252606,,240969,2026-09-09T06:06:04Z
LA_METRO,HISTORIC SOUTH-CENTRAL,83,ASSIGNED,1,09/09/2026 00:00,2026-09-09T07:00:00Z,34.021896999999996,-118.267829,,240970,2026-09-09T06:06:04Z
LA_METRO,BOYLE HEIGHTS,46,ASSIGNED,1,09/08/2026 23:30,2026-09-09T06:30:00Z,34.034756,-118.202983,,240971,2026-09-09T06:06:04Z
LA_METRO,VENICE,67,REPORTED OUTAGE,1,09/09/2026 00:30,2026-09-09T07:30:00Z,34.001123,-118.460284,,240972,2026-09-09T06:06:04Z
LA_METRO,EAST HOLLYWOOD,65,ASSIGNED,1,09/08/2026 23:30,2026-09-09T06:30:00Z,34.097372,-118.304967,,240973,2026-09-09T06:06:04Z
LA_METRO,CHATSWORTH,11,ASSIGNED,1,09/08/2026 17:30,2026-09-09T00:30:00Z,34.247484,-118.613657,,240974,2026-09-09T06:06:04Z
LA_METRO,HISTORIC SOUTH-CENTRAL,448,EN ROUTE,1,09/09/2026 09:00,2026-09-09T16:00:00Z,34.021896999999996,-118.267829,,241055,2026-09-09T11:16:34Z
LA_METRO,HOLLYWOOD HILLS,369,REPORTED OUTAGE,1,09/09/2026 08:30,2026-09-09T15:30:00Z,34.108377,-118.318041,,241056,2026-09-09T11:16:34Z
LA_METRO,CHATSWORTH,11,CREWS WORKING,1,09/08/2026 17:30,2026-09-09T00:30:00Z,34.247484,-118.613657,,241057,2026-09-09T11:16:34Z
LA_METRO,HOLLYWOOD,21,ASSIGNED,1,,,34.100871999999995,-118.35457,,241089,2026-09-09T15:10:21Z
LA_METRO,HISTORIC SOUTH-CENTRAL,83,CREWS WORKING,1,09/09/2026 10:00,2026-09-09T17:00:00Z,34.021896999999996,-118.267829,,241090,2026-09-09T15:10:21Z
LA_METRO,LINCOLN HEIGHTS,0,ASSIGNED,1,09/09/2026 12:30,2026-09-09T19:30:00Z,34.076080999999995,-118.204008,,241145,2026-09-09T18:42:29Z
LA_METRO,WESTCHESTER,646,ASSIGNED,1,09/09/2026 15:00,2026-09-09T22:00:00Z,33.963533999999996,-118.38028800000001,,241146,2026-09-09T18:42:29Z
LA_METRO,SHERMAN OAKS,12,CREWS WORKING,1,09/09/2026 13:30,2026-09-09T20:30:00Z,34.166768999999995,-118.429671,,241147,2026-09-09T18:42:29Z
LA_METRO,GLASSELL PARK,186,CREWS WORKING,1,09/09/2026 12:30,2026-09-09T19:30:00Z,34.113372,-118.236395,,241148,2026-09-09T18:42:29Z
LA_METRO,SYLMAR,15,CREWS WORKING,1,09/20/2026 16:30,2026-09-20T23:30:00Z,34.311696999999995,-118.435666,,241149,2026-09-09T18:42:29Z
LA_METRO,SAN PEDRO,2,ASSIGNED,1,09/09/2026 13:30,2026-09-09T20:30:00Z,33.742553,-118.310501,,241150,2026-09-09T18:42:29Z
LA_METRO,HIGHLAND PARK,57,REPORTED OUTAGE,1,,,34.118961999999996,-118.185659,,241199,2026-09-09T21:16:35Z
LA_METRO,EAGLE ROCK,19,REPORTED OUTAGE,1,,,34.132895,-118.188751,,241200,2026-09-09T21:16:35Z
LA_METRO,CYPRESS PARK,1212,CREWS WORKING,1,,,34.081933,-118.226072,,241201,2026-09-09T21:16:35Z
LA_METRO,HOLLYWOOD,114,EN ROUTE,1,09/09/2026 15:30,2026-09-09T22:30:00Z,34.104597,-118.314806,,241202,2026-09-09T21:16:35Z
LA_METRO,WESTCHESTER,30,REPORTED OUTAGE,1,09/09/2026 18:00,2026-09-10T01:00:00Z,33.969547,-118.376186,,241203,2026-09-09T21:16:35Z
LA_METRO,SYLMAR,15,CREWS WORKING,1,09/20/2026 16:30,2026-09-20T23:30:00Z,34.311696999999995,-118.435666,,241204,2026-09-09T21:16:35Z
LA_METRO,HIGHLAND PARK,57,ASSIGNED,1,09/09/2026 16:00,2026-09-09T23:00:00Z,34.118961999999996,-118.185659,,241291,2026-09-09T23:20:53Z
LA_METRO,HOLLYWOOD,21,ASSIGNED,2,,,34.100871999999995,-118.35457,,241292,2026-09-09T23:20:53Z
LA_METRO,EXPOSITION PARK,3647,EN ROUTE,1,09/09/2026 20:30,2026-09-10T03:30:00Z,34.02395,-118.299919,,241293,2026-09-09T23:20:53Z
LA_METRO,ELYSIAN VALLEY,5,ASSIGNED,1,09/09/2026 19:00,2026-09-10T02:00:00Z,34.096818,-118.244006,,241294,2026-09-09T23:20:53Z
LA_METRO,EAGLE ROCK,21,ASSIGNED,2,,,34.142984999999996,-118.199035,,241295,2026-09-09T23:20:53Z
LA_METRO,EAGLE ROCK,1100,ASSIGNED,1,,,34.133393,-118.193128,,241296,2026-09-09T23:20:53Z
LA_METRO,MOUNT WASHINGTON,25,ASSIGNED,1,,,34.090762,-118.218125,,241297,2026-09-09T23:20:53Z
LA_METRO,CYPRESS PARK,1212,ASSIGNED,1,09/09/2026 17:00,2026-09-10T00:00:00Z,34.081933,-118.226072,,241298,2026-09-09T23:20:53Z
LA_METRO,SHERMAN OAKS,450,EN ROUTE,1,09/09/2026 17:30,2026-09-10T00:30:00Z,34.146466,-118.424991,,241299,2026-09-09T23:20:53Z
LA_METRO,SHERMAN OAKS,382,ASSIGNED,2,09/09/2026 19:30,2026-09-10T02:30:00Z,34.146456,-118.424679,,241300,2026-09-09T23:20:53Z
LA_METRO,WESTCHESTER,30,EN ROUTE,1,09/09/2026 19:00,2026-09-10T02:00:00Z,33.969547,-118.376186,,241301,2026-09-09T23:20:53Z
LA_METRO,BRENTWOOD,766,CREWS WORKING,1,09/09/2026 18:30,2026-09-10T01:30:00Z,34.061147999999996,-118.48440000000001,,241302,2026-09-09T23:20:53Z
LA_METRO,WEST HILLS,14,ASSIGNED,1,09/09/2026 19:30,2026-09-10T02:30:00Z,34.221063,-118.612638,,241303,2026-09-09T23:20:53Z
LA_METRO,HOLLYWOOD,98,EN ROUTE,1,09/09/2026 19:00,2026-09-10T02:00:00Z,34.086174,-118.312467,,241304,2026-09-09T23:20:53Z
LA_METRO,KOREATOWN,3,ASSIGNED,1,09/09/2026 20:00,2026-09-10T03:00:00Z,34.073834999999995,-118.31197399999999,,241305,2026-09-09T23:20:53Z
LA_METRO,EAGLE ROCK,19,ASSIGNED,3,,,34.125586999999996,-118.225084,,241306,2026-09-09T23:20:53Z
LA_METRO,SYLMAR,15,CREWS WORKING,1,09/20/2026 16:30,2026-09-20T23:30:00Z,34.311696999999995,-118.435666,,241307,2026-09-09T23:20:53Z
LA_METRO,VALLEY GLEN,16,ASSIGNED,1,09/09/2026 19:30,2026-09-10T02:30:00Z,34.187978,-118.43478,,241308,2026-09-09T23:20:53Z
LA_METRO,MAR VISTA,23,ASSIGNED,1,09/09/2026 19:00,2026-09-10T02:00:00Z,34.021623,-118.435634,,241309,2026-09-09T23:20:53Z
LA_METRO,HIGHLAND PARK,57,ASSIGNED,1,09/09/2026 16:00,2026-09-09T23:00:00Z,34.118961999999996,-118.185659,,241532,2026-09-10T01:12:20Z
LA_METRO,HIGHLAND PARK,32,REPORTED OUTAGE,2,,,34.119806,-118.190332,,241533,2026-09-10T01:12:20Z
LA_METRO,SOUTH PARK,2010,EN ROUTE,1,09/09/2026 21:30,2026-09-10T04:30:00Z,33.995066,-118.27853,,241534,2026-09-10T01:12:20Z
LA_METRO,MID-WILSHIRE,3441,REPORTED OUTAGE,1,09/09/2026 22:30,2026-09-10T05:30:00Z,34.049037,-118.342226,,241535,2026-09-10T01:12:20Z
LA_METRO,HOLLYWOOD,21,ASSIGNED,2,,,34.100871999999995,-118.35457,,241536,2026-09-10T01:12:20Z
LA_METRO,EXPOSITION PARK,1928,ASSIGNED,1,,,34.016020999999995,-118.300104,,241537,2026-09-10T01:12:20Z
LA_METRO,ELYSIAN VALLEY,6,ASSIGNED,2,09/09/2026 19:00,2026-09-10T02:00:00Z,34.096818,-118.244006,,241538,2026-09-10T01:12:20Z
LA_METRO,WESTLAKE,2275,ASSIGNED,1,09/09/2026 21:00,2026-09-10T04:00:00Z,34.069204,-118.26263399999999,,241539,2026-09-10T01:12:20Z
LA_METRO,EAGLE ROCK,21,ASSIGNED,2,09/09/2026 19:00,2026-09-10T02:00:00Z,34.142984999999996,-118.199035,,241540,2026-09-10T01:12:20Z
LA_METRO,EAGLE ROCK,1100,EN ROUTE,1,09/09/2026 18:00,2026-09-10T01:00:00Z,34.133393,-118.193128,,241541,2026-09-10T01:12:20Z
LA_METRO,HISTORIC SOUTH-CENTRAL,2416,REPORTED OUTAGE,1,09/10/2026 01:00,2026-09-10T08:00:00Z,34.00472,-118.272443,,241542,2026-09-10T01:12:20Z
LA_METRO,HISTORIC SOUTH-CENTRAL,2280,REPORTED OUTAGE,3,09/10/2026 00:00,2026-09-10T07:00:00Z,34.00472,-118.272409,,241543,2026-09-10T01:12:20Z
LA_METRO,HISTORIC SOUTH-CENTRAL,2341,REPORTED OUTAGE,2,09/09/2026 20:30,2026-09-10T03:30:00Z,34.00472,-118.272392,,241544,2026-09-10T01:12:20Z
LA_METRO,HISTORIC SOUTH-CENTRAL,23,REPORTED OUTAGE,5,09/09/2026 21:30,2026-09-10T04:30:00Z,34.004913,-118.273321,,241545,2026-09-10T01:12:20Z
LA_METRO,HISTORIC SOUTH-CENTRAL,1645,REPORTED OUTAGE,4,09/09/2026 20:30,2026-09-10T03:30:00Z,34.006873999999996,-118.273924,,241546,2026-09-10T01:12:20Z
LA_METRO,MOUNT WASHINGTON,25,ASSIGNED,1,,,34.090762,-118.218125,,241547,2026-09-10T01:12:20Z
LA_METRO,ELYSIAN VALLEY,634,REPORTED OUTAGE,1,,,34.088712,-118.23331,,241548,2026-09-10T01:12:20Z
LA_METRO,WEST ADAMS,18,ASSIGNED,3,09/09/2026 20:00,2026-09-10T03:00:00Z,34.028948,-118.34344899999999,,241549,2026-09-10T01:12:20Z
LA_METRO,WEST ADAMS,54,ASSIGNED,1,09/09/2026 21:30,2026-09-10T04:30:00Z,34.026918,-118.33794,,241550,2026-09-10T01:12:20Z
LA_METRO,WEST ADAMS,32,REPORTED OUTAGE,2,09/09/2026 20:00,2026-09-10T03:00:00Z,34.028971,-118.351838,,241551,2026-09-10T01:12:20Z
LA_METRO,LEIMERT PARK,51,REPORTED OUTAGE,1,09/09/2026 20:30,2026-09-10T03:30:00Z,34.017143,-118.32095100000001,,241552,2026-09-10T01:12:20Z
LA_METRO,FLORENCE,48,REPORTED OUTAGE,2,09/09/2026 19:30,2026-09-10T02:30:00Z,33.969847,-118.260673,,241553,2026-09-10T01:12:20Z
LA_METRO,FLORENCE,52,REPORTED OUTAGE,1,09/09/2026 21:00,2026-09-10T04:00:00Z,33.973267,-118.27523,,241554,2026-09-10T01:12:20Z
LA_METRO,WESTWOOD,276,ASSIGNED,2,09/09/2026 21:30,2026-09-10T04:30:00Z,34.065813,-118.42949899999999,,241555,2026-09-10T01:12:20Z
LA_METRO,WESTWOOD,811,EN ROUTE,1,09/09/2026 23:30,2026-09-10T06:30:00Z,34.066386,-118.430241,,241556,2026-09-10T01:12:20Z
LA_METRO,SHERMAN OAKS,833,CREWS WORKING,1,09/09/2026 20:30,2026-09-10T03:30:00Z,34.146466,-118.424991,,241557,2026-09-10T01:12:20Z
LA_METRO,EL SERENO,16,ASSIGNED,1,09/09/2026 20:00,2026-09-10T03:00:00Z,34.08399,-118.16754399999999,,241558,2026-09-10T01:12:20Z
LA_METRO,HOLLYWOOD HILLS,358,REPORTED OUTAGE,1,09/09/2026 21:00,2026-09-10T04:00:00Z,34.11047,-118.326745,,241559,2026-09-10T01:12:20Z
LA_METRO,WESTCHESTER,30,CREWS WORKING,1,09/09/2026 19:00,2026-09-10T02:00:00Z,33.969547,-118.376186,,241560,2026-09-10T01:12:20Z
LA_METRO,WESTCHESTER,19,ASSIGNED,2,09/09/2026 22:00,2026-09-10T05:00:00Z,33.971413,-118.38232099999999,,241561,2026-09-10T01:12:20Z
LA_METRO,WINDSOR SQUARE,43,CREWS WORKING,3,09/09/2026 20:30,2026-09-10T03:30:00Z,34.071366,-118.319333,,241562,2026-09-10T01:12:20Z
LA_METRO,WINDSOR SQUARE,53,REPORTED OUTAGE,1,09/09/2026 22:00,2026-09-10T05:00:00Z,34.071058,-118.322835,,241563,2026-09-10T01:12:20Z
LA_METRO,WINDSOR SQUARE,43,REPORTED OUTAGE,2,09/09/2026 22:00,2026-09-10T05:00:00Z,34.071346,-118.321112,,241564,2026-09-10T01:12:20Z
LA_METRO,SUN VALLEY,26,ASSIGNED,1,09/09/2026 21:00,2026-09-10T04:00:00Z,34.220209,-118.362883,,241565,2026-09-10T01:12:20Z
LA_METRO,WEST HILLS,14,EN ROUTE,1,09/09/2026 19:30,2026-09-10T02:30:00Z,34.221063,-118.612638,,241566,2026-09-10T01:12:20Z
LA_METRO,WEST LOS ANGELES,15,ASSIGNED,1,09/09/2026 21:30,2026-09-10T04:30:00Z,34.048919999999995,-118.420182,,241567,2026-09-10T01:12:20Z
LA_METRO,HOLLYWOOD,98,CREWS WORKING,1,09/09/2026 19:00,2026-09-10T02:00:00Z,34.086174,-118.312467,,241568,2026-09-10T01:12:20Z
LA_METRO,KOREATOWN,27,ASSIGNED,1,09/09/2026 20:00,2026-09-10T03:00:00Z,34.073834999999995,-118.31197399999999,,241569,2026-09-10T01:12:20Z
LA_METRO,GLASSELL PARK,54,ASSIGNED,1,09/09/2026 22:00,2026-09-10T05:00:00Z,34.129577999999995,-118.231171,,241570,2026-09-10T01:12:20Z
LA_METRO,WOODLAND HILLS,12,REPORTED OUTAGE,1,09/09/2026 18:00,2026-09-10T01:00:00Z,34.151179,-118.629401,,241571,2026-09-10T01:12:20Z
LA_METRO,VALLEY GLEN,16,CREWS WORKING,1,09/09/2026 19:30,2026-09-10T02:30:00Z,34.187978,-118.43478,,241572,2026-09-10T01:12:20Z
LA_METRO,MAR VISTA,23,ASSIGNED,1,09/09/2026 19:00,2026-09-10T02:00:00Z,34.021623,-118.435634,,241573,2026-09-10T01:12:20Z
LA_METRO,WINDSOR SQUARE,43,REPORTED OUTAGE,1,09/10/2026 02:00,2026-09-10T09:00:00Z,34.071366,-118.319333,,242618,2026-09-10T06:04:47Z
LA_METRO,EXPOSITION PARK,431,REPORTED OUTAGE,2,09/10/2026 01:30,2026-09-10T08:30:00Z,34.01602,-118.304507,,242619,2026-09-10T06:04:47Z
LA_METRO,WESTCHESTER,16,REPORTED OUTAGE,4,09/10/2026 02:30,2026-09-10T09:30:00Z,33.969758999999996,-118.399445,,242620,2026-09-10T06:04:47Z
LA_METRO,EL SERENO,16,ASSIGNED,1,09/09/2026 23:00,2026-09-10T06:00:00Z,34.08399,-118.16754399999999,,242621,2026-09-10T06:04:47Z
LA_METRO,BRENTWOOD,274,ASSIGNED,1,09/10/2026 01:30,2026-09-10T08:30:00Z,34.074081,-118.49166,,242622,2026-09-10T06:04:47Z
LA_METRO,CHESTERFIELD SQUARE,24,REPORTED OUTAGE,1,09/10/2026 05:30,2026-09-10T12:30:00Z,33.976559,-118.313833,,242623,2026-09-10T06:04:47Z
LA_METRO,WESTWOOD,277,ASSIGNED,2,09/10/2026 00:30,2026-09-10T07:30:00Z,34.065813,-118.42949899999999,,242624,2026-09-10T06:04:47Z
LA_METRO,SILVER LAKE,67,REPORTED OUTAGE,1,09/09/2026 23:00,2026-09-10T06:00:00Z,34.108281,-118.267818,,242625,2026-09-10T06:04:47Z
LA_METRO,ELYSIAN VALLEY,634,REPORTED OUTAGE,1,,,34.088712,-118.23331,,242626,2026-09-10T06:04:47Z
LA_METRO,WESTCHESTER,30,ASSIGNED,3,09/10/2026 01:00,2026-09-10T08:00:00Z,33.968906,-118.37753599999999,,242627,2026-09-10T06:04:47Z
LA_METRO,WEST ADAMS,54,ASSIGNED,3,09/10/2026 00:30,2026-09-10T07:30:00Z,34.026918,-118.33794,,242628,2026-09-10T06:04:47Z
LA_METRO,PACIFIC PALISADES,3,ASSIGNED,1,09/10/2026 01:00,2026-09-10T08:00:00Z,34.039924,-118.511761,,242629,2026-09-10T06:04:47Z
LA_METRO,EAST HOLLYWOOD,25,REPORTED OUTAGE,1,09/10/2026 02:00,2026-09-10T09:00:00Z,34.092656,-118.29341600000001,,242630,2026-09-10T06:04:47Z
LA_METRO,MID-WILSHIRE,3441,REPORTED OUTAGE,1,09/10/2026 01:30,2026-09-10T08:30:00Z,34.049037,-118.342226,,242631,2026-09-10T06:04:47Z
LA_METRO,BEVERLY GROVE,181,REPORTED OUTAGE,1,09/10/2026 03:00,2026-09-10T10:00:00Z,34.065253999999996,-118.368961,,242632,2026-09-10T06:04:47Z
LA_METRO,WEST LOS ANGELES,27,ASSIGNED,1,09/09/2026 22:00,2026-09-10T05:00:00Z,34.039438,-118.432716,,242633,2026-09-10T06:04:47Z
LA_METRO,HARVARD HEIGHTS,54,REPORTED OUTAGE,2,09/10/2026 02:30,2026-09-10T09:30:00Z,34.045021999999996,-118.303152,,242634,2026-09-10T06:04:47Z
LA_METRO,SYLMAR,19,ASSIGNED,1,09/10/2026 02:30,2026-09-10T09:30:00Z,34.318937,-118.459837,,242635,2026-09-10T06:04:47Z
LA_METRO,SAN PEDRO,234,REPORTED OUTAGE,1,,,33.740457,-118.296679,,242636,2026-09-10T06:04:47Z
LA_METRO,ATWATER VILLAGE,23,REPORTED OUTAGE,3,09/10/2026 04:30,2026-09-10T11:30:00Z,34.112452999999995,-118.250054,,242637,2026-09-10T06:04:47Z
LA_METRO,WEST ADAMS,1631,CREWS WORKING,1,09/09/2026 22:30,2026-09-10T05:30:00Z,34.029398,-118.34969699999999,,242638,2026-09-10T06:04:47Z
LA_METRO,WEST ADAMS,1134,REPORTED OUTAGE,2,09/10/2026 01:30,2026-09-10T08:30:00Z,34.025332999999996,-118.351992,,242639,2026-09-10T06:04:47Z
LA_METRO,SOUTH PARK,691,REPORTED OUTAGE,2,09/10/2026 04:30,2026-09-10T11:30:00Z,33.994723,-118.256524,,242640,2026-09-10T06:04:47Z
LA_METRO,SAWTELLE,32,ASSIGNED,1,09/10/2026 04:30,2026-09-10T11:30:00Z,34.032142,-118.447732,,242641,2026-09-10T06:04:47Z
LA_METRO,STUDIO CITY,10,ASSIGNED,1,09/10/2026 04:30,2026-09-10T11:30:00Z,34.15165,-118.403929,,242642,2026-09-10T06:04:47Z
LA_METRO,EXPOSITION PARK,364,REPORTED OUTAGE,3,09/10/2026 03:30,2026-09-10T10:30:00Z,34.022478,-118.30894,,242643,2026-09-10T06:04:47Z
LA_METRO,MID-WILSHIRE,1011,REPORTED OUTAGE,2,09/10/2026 04:30,2026-09-10T11:30:00Z,34.053549,-118.34921800000001,,242644,2026-09-10T06:04:47Z
LA_METRO,VALLEY GLEN,22,CREWS WORKING,1,09/10/2026 03:30,2026-09-10T10:30:00Z,34.172623,-118.406761,,242645,2026-09-10T06:04:47Z
LA_METRO,HANCOCK PARK,40,REPORTED OUTAGE,1,09/10/2026 03:30,2026-09-10T10:30:00Z,34.079344999999996,-118.341404,,242646,2026-09-10T06:04:47Z
LA_METRO,EAGLE ROCK,19,REPORTED OUTAGE,2,09/10/2026 04:00,2026-09-10T11:00:00Z,34.132895,-118.188751,,242647,2026-09-10T06:04:47Z
LA_METRO,WESTCHESTER,30,REPORTED OUTAGE,2,09/10/2026 05:00,2026-09-10T12:00:00Z,33.969547,-118.376186,,242648,2026-09-10T06:04:47Z
LA_METRO,PACOIMA,224,ASSIGNED,1,09/10/2026 04:00,2026-09-10T11:00:00Z,34.2637969898936,-118.416334424832,,242649,2026-09-10T06:04:47Z
LA_METRO,JEFFERSON PARK,32,REPORTED OUTAGE,1,09/10/2026 05:00,2026-09-10T12:00:00Z,34.029468,-118.314425,,242650,2026-09-10T06:04:47Z
LA_METRO,BROADWAY-MANCHESTER,1673,REPORTED OUTAGE,1,09/10/2026 05:30,2026-09-10T12:30:00Z,33.949154,-118.27338499999999,,242651,2026-09-10T06:04:47Z
LA_METRO,MID-CITY,18,REPORTED OUTAGE,1,09/10/2026 05:30,2026-09-10T12:30:00Z,34.036674,-118.387773,,242652,2026-09-10T06:04:47Z
LA_METRO,HARVARD HEIGHTS,1107,CREWS WORKING,1,09/10/2026 05:30,2026-09-10T12:30:00Z,34.050602,-118.300746,,242653,2026-09-10T06:04:47Z
LA_METRO,HISTORIC SOUTH-CENTRAL,2416,REPORTED OUTAGE,1,09/10/2026 01:00,2026-09-10T08:00:00Z,34.00472,-118.272443,,242654,2026-09-10T06:04:47Z
LA_METRO,EXPOSITION PARK,1928,ASSIGNED,1,,,34.016020999999995,-118.300104,,242655,2026-09-10T06:04:47Z
LA_METRO,HISTORIC SOUTH-CENTRAL,329,ASSIGNED,4,09/10/2026 10:00,2026-09-10T17:00:00Z,34.006592999999995,-118.265436,,242656,2026-09-10T06:04:47Z
LA_METRO,HISTORIC SOUTH-CENTRAL,2351,REPORTED OUTAGE,2,09/10/2026 08:30,2026-09-10T15:30:00Z,34.00472,-118.272376,,242657,2026-09-10T06:04:47Z
LA_METRO,MAR VISTA,23,REPORTED OUTAGE,1,09/10/2026 06:00,2026-09-10T13:00:00Z,34.021623,-118.435634,,242658,2026-09-10T06:04:47Z
LA_METRO,ADAMS-NORMANDIE,2068,ASSIGNED,1,09/09/2026 20:30,2026-09-10T03:30:00Z,34.025639,-118.300293,,242659,2026-09-10T06:04:47Z
LA_METRO,HOLLYWOOD,1523,CREWS WORKING,1,09/09/2026 20:30,2026-09-10T03:30:00Z,34.104239,-118.325892,,242660,2026-09-10T06:04:47Z
LA_METRO,FLORENCE,44,ASSIGNED,2,09/10/2026 00:00,2026-09-10T07:00:00Z,33.963364,-118.259805,,242661,2026-09-10T06:04:47Z
LA_METRO,ATWATER VILLAGE,28,REPORTED OUTAGE,2,09/10/2026 01:00,2026-09-10T08:00:00Z,34.112207999999995,-118.24976699999999,,242662,2026-09-10T06:04:47Z
LA_METRO,WESTWOOD,811,CREWS WORKING,1,09/10/2026 04:00,2026-09-10T11:00:00Z,34.068380999999995,-118.425462,,242663,2026-09-10T06:04:47Z
LA_METRO,WESTCHESTER,188,ASSIGNED,1,09/10/2026 01:00,2026-09-10T08:00:00Z,33.97011,-118.380409,,242664,2026-09-10T06:04:47Z
LA_METRO,BEVERLYWOOD,11,ASSIGNED,1,09/09/2026 22:30,2026-09-10T05:30:00Z,34.049777999999996,-118.399527,,242665,2026-09-10T06:04:47Z
LA_METRO,HOLLYWOOD,21,ASSIGNED,3,,,34.100871999999995,-118.35457,,242666,2026-09-10T06:04:47Z
LA_METRO,ADAMS-NORMANDIE,3,REPORTED OUTAGE,2,09/09/2026 22:00,2026-09-10T05:00:00Z,34.031166999999996,-118.303476,,242667,2026-09-10T06:04:47Z
LA_METRO,ATWATER VILLAGE,50,REPORTED OUTAGE,1,09/10/2026 03:00,2026-09-10T10:00:00Z,34.117025999999996,-118.25539,,242668,2026-09-10T06:04:47Z
LA_METRO,RESEDA,18,ASSIGNED,1,09/09/2026 23:30,2026-09-10T06:30:00Z,34.210688999999995,-118.55511,,242669,2026-09-10T06:04:47Z
LA_METRO,VERMONT SQUARE,50,REPORTED OUTAGE,1,09/10/2026 03:00,2026-09-10T10:00:00Z,34.007498999999996,-118.300797,,242670,2026-09-10T06:04:47Z
LA_METRO,HOLLYWOOD,64,REPORTED OUTAGE,2,09/10/2026 05:00,2026-09-10T12:00:00Z,34.092003,-118.323971,,242671,2026-09-10T06:04:47Z
LA_METRO,GLASSELL PARK,30,ASSIGNED,1,,,34.110654,-118.238276,,242672,2026-09-10T06:04:47Z
LA_METRO,HOLLYWOOD HILLS,8,ASSIGNED,1,09/09/2026 18:30,2026-09-10T01:30:00Z,34.121370999999996,-118.352683,,242673,2026-09-10T06:04:47Z
LA_METRO,WESTLAKE,87,REPORTED OUTAGE,1,,,34.060125,-118.271305,,242674,2026-09-10T06:04:47Z
LA_METRO,EAGLE ROCK,21,ASSIGNED,1,09/09/2026 22:00,2026-09-10T05:00:00Z,34.142984999999996,-118.199035,,242675,2026-09-10T06:04:47Z
LA_METRO,FLORENCE,48,REPORTED OUTAGE,1,09/09/2026 22:30,2026-09-10T05:30:00Z,33.969847,-118.260673,,242676,2026-09-10T06:04:47Z
LA_METRO,WEST ADAMS,38,REPORTED OUTAGE,4,09/10/2026 00:00,2026-09-10T07:00:00Z,34.026081999999995,-118.34109699999999,,242677,2026-09-10T06:04:47Z
LA_METRO,ELYSIAN VALLEY,6,ASSIGNED,2,09/09/2026 22:00,2026-09-10T05:00:00Z,34.096818,-118.244006,,242678,2026-09-10T06:04:47Z
LA_METRO,KOREATOWN,37,REPORTED OUTAGE,1,09/10/2026 02:30,2026-09-10T09:30:00Z,34.056385,-118.30257399999999,,242679,2026-09-10T06:04:47Z
LA_METRO,GREEN MEADOWS,42,REPORTED OUTAGE,1,09/10/2026 05:00,2026-09-10T12:00:00Z,33.946083,-118.26809,,242680,2026-09-10T06:04:47Z
LA_METRO,WOODLAND HILLS,12,ASSIGNED,1,,,34.151179,-118.629401,,242681,2026-09-10T06:04:47Z
LA_METRO,SOUTH PARK,2012,ASSIGNED,1,09/09/2026 23:30,2026-09-10T06:30:00Z,33.995066,-118.27853,,242682,2026-09-10T06:04:47Z
LA_METRO,WEST ADAMS,7,ASSIGNED,5,09/09/2026 23:00,2026-09-10T06:00:00Z,34.028971,-118.351838,,242683,2026-09-10T06:04:47Z
LA_METRO,LOS FELIZ,856,REPORTED OUTAGE,1,09/10/2026 08:30,2026-09-10T15:30:00Z,34.105122,-118.285247,,242684,2026-09-10T06:04:47Z
LA_METRO,HOLLYWOOD HILLS,3,REPORTED OUTAGE,2,09/09/2026 23:30,2026-09-10T06:30:00Z,34.106652,-118.332103,,242685,2026-09-10T06:04:47Z
LA_METRO,HISTORIC SOUTH-CENTRAL,1669,REPORTED OUTAGE,3,09/09/2026 23:30,2026-09-10T06:30:00Z,34.006873999999996,-118.273924,,242686,2026-09-10T06:04:47Z
LA_METRO,LEIMERT PARK,51,REPORTED OUTAGE,1,09/09/2026 23:30,2026-09-10T06:30:00Z,34.017143,-118.32095100000001,,242687,2026-09-10T06:04:47Z
LA_METRO,HISTORIC SOUTH-CENTRAL,2416,ASSIGNED,2,09/10/2026 01:00,2026-09-10T08:00:00Z,34.00472,-118.272443,,244028,2026-09-10T11:11:58Z
LA_METRO,HISTORIC SOUTH-CENTRAL,329,REPORTED OUTAGE,5,09/10/2026 10:00,2026-09-10T17:00:00Z,34.006592999999995,-118.265436,,244029,2026-09-10T11:11:58Z
LA_METRO,LOS FELIZ,521,CREWS WORKING,2,09/10/2026 00:30,2026-09-10T07:30:00Z,34.111675999999996,-118.285281,,244030,2026-09-10T11:11:58Z
LA_METRO,HISTORIC SOUTH-CENTRAL,2351,CREWS WORKING,3,09/10/2026 08:30,2026-09-10T15:30:00Z,34.00472,-118.272376,,244031,2026-09-10T11:11:58Z
LA_METRO,WESTWOOD,1371,CREWS WORKING,1,09/10/2026 04:00,2026-09-10T11:00:00Z,34.068380999999995,-118.425462,,244032,2026-09-10T11:11:58Z
LA_METRO,CENTRAL-ALAMEDA,35,REPORTED OUTAGE,1,09/10/2026 05:30,2026-09-10T12:30:00Z,33.990699,-118.248766,,244033,2026-09-10T11:11:58Z
LA_METRO,WESTCHESTER,188,ASSIGNED,1,09/10/2026 01:00,2026-09-10T08:00:00Z,33.97011,-118.380409,,244034,2026-09-10T11:11:58Z
LA_METRO,HIGHLAND PARK,57,CREWS WORKING,1,09/09/2026 17:30,2026-09-10T00:30:00Z,34.118961999999996,-118.185659,,244035,2026-09-10T11:11:58Z
LA_METRO,ADAMS-NORMANDIE,3,REPORTED OUTAGE,1,09/09/2026 22:00,2026-09-10T05:00:00Z,34.031166999999996,-118.303476,,244036,2026-09-10T11:11:58Z
LA_METRO,PALMS,3,ASSIGNED,2,09/09/2026 21:00,2026-09-10T04:00:00Z,34.027561,-118.407158,,244037,2026-09-10T11:11:58Z
LA_METRO,ATWATER VILLAGE,50,REPORTED OUTAGE,1,09/10/2026 03:00,2026-09-10T10:00:00Z,34.117025999999996,-118.25539,,244038,2026-09-10T11:11:58Z
LA_METRO,RESEDA,18,ASSIGNED,1,,,34.210688999999995,-118.55511,,244039,2026-09-10T11:11:58Z
LA_METRO,VERMONT SQUARE,50,ASSIGNED,1,09/10/2026 03:00,2026-09-10T10:00:00Z,34.007498999999996,-118.300797,,244040,2026-09-10T11:11:58Z
LA_METRO,HOLLYWOOD,64,REPORTED OUTAGE,1,09/10/2026 05:00,2026-09-10T12:00:00Z,34.092003,-118.323971,,244041,2026-09-10T11:11:58Z
LA_METRO,HOLLYWOOD HILLS,8,ASSIGNED,2,09/09/2026 18:30,2026-09-10T01:30:00Z,34.121370999999996,-118.352683,,244042,2026-09-10T11:11:58Z
LA_METRO,WESTCHESTER,30,CREWS WORKING,3,09/09/2026 22:00,2026-09-10T05:00:00Z,33.969547,-118.376186,,244043,2026-09-10T11:11:58Z
LA_METRO,WESTLAKE,87,ASSIGNED,1,,,34.060125,-118.271305,,244044,2026-09-10T11:11:58Z
LA_METRO,FLORENCE,48,ASSIGNED,1,09/09/2026 22:30,2026-09-10T05:30:00Z,33.969847,-118.260673,,244045,2026-09-10T11:11:58Z
LA_METRO,WEST ADAMS,38,REPORTED OUTAGE,2,09/10/2026 00:00,2026-09-10T07:00:00Z,34.026081999999995,-118.34109699999999,,244046,2026-09-10T11:11:58Z
LA_METRO,ELYSIAN VALLEY,6,ASSIGNED,2,09/09/2026 22:00,2026-09-10T05:00:00Z,34.096818,-118.244006,,244047,2026-09-10T11:11:58Z
LA_METRO,BEVERLY CREST,11,ASSIGNED,1,09/09/2026 22:30,2026-09-10T05:30:00Z,34.129599,-118.444951,,244048,2026-09-10T11:11:58Z
LA_METRO,KOREATOWN,245,REPORTED OUTAGE,1,09/10/2026 02:30,2026-09-10T09:30:00Z,34.056385,-118.30257399999999,,244049,2026-09-10T11:11:58Z
LA_METRO,GREEN MEADOWS,42,ASSIGNED,1,09/10/2026 19:00,2026-09-11T02:00:00Z,33.946083,-118.26809,,244050,2026-09-10T11:11:58Z
LA_METRO,WINDSOR SQUARE,146,ASSIGNED,1,09/09/2026 23:30,2026-09-10T06:30:00Z,34.071366,-118.319333,,244051,2026-09-10T11:11:58Z
LA_METRO,LOS FELIZ,856,ASSIGNED,1,09/10/2026 08:30,2026-09-10T15:30:00Z,34.105122,-118.285247,,244052,2026-09-10T11:11:58Z
LA_METRO,HOLLYWOOD HILLS,3,REPORTED OUTAGE,3,09/09/2026 23:30,2026-09-10T06:30:00Z,34.106652,-118.332103,,244053,2026-09-10T11:11:58Z
LA_METRO,HISTORIC SOUTH-CENTRAL,1669,ASSIGNED,4,09/09/2026 23:30,2026-09-10T06:30:00Z,34.006873999999996,-118.273924,,244054,2026-09-10T11:11:58Z
LA_METRO,LEIMERT PARK,106,REPORTED OUTAGE,1,09/09/2026 23:30,2026-09-10T06:30:00Z,34.017143,-118.32095100000001,,244055,2026-09-10T11:11:58Z
LA_METRO,WINDSOR SQUARE,43,REPORTED OUTAGE,2,09/10/2026 02:00,2026-09-10T09:00:00Z,34.071366,-118.319333,,244056,2026-09-10T11:11:58Z
LA_METRO,WESTCHESTER,16,ASSIGNED,4,09/10/2026 02:30,2026-09-10T09:30:00Z,33.969758999999996,-118.399445,,244057,2026-09-10T11:11:58Z
LA_METRO,EL SERENO,16,ASSIGNED,1,09/09/2026 23:00,2026-09-10T06:00:00Z,34.08399,-118.16754399999999,,244058,2026-09-10T11:11:58Z
LA_METRO,BRENTWOOD,274,ASSIGNED,1,,,34.074081,-118.49166,,244059,2026-09-10T11:11:58Z
LA_METRO,CHESTERFIELD SQUARE,24,ASSIGNED,1,09/10/2026 05:30,2026-09-10T12:30:00Z,33.976559,-118.313833,,244060,2026-09-10T11:11:58Z
LA_METRO,SILVER LAKE,67,REPORTED OUTAGE,1,09/09/2026 23:00,2026-09-10T06:00:00Z,34.108281,-118.267818,,244061,2026-09-10T11:11:58Z
LA_METRO,ELYSIAN VALLEY,634,REPORTED OUTAGE,1,,,34.088712,-118.23331,,244062,2026-09-10T11:11:58Z
LA_METRO,HIGHLAND PARK,31,REPORTED OUTAGE,2,09/10/2026 10:30,2026-09-10T17:30:00Z,34.118289,-118.186737,,244063,2026-09-10T11:11:58Z
LA_METRO,WESTCHESTER,30,ASSIGNED,2,09/10/2026 01:00,2026-09-10T08:00:00Z,33.968906,-118.37753599999999,,244064,2026-09-10T11:11:58Z
LA_METRO,PACIFIC PALISADES,3,ASSIGNED,1,09/10/2026 01:00,2026-09-10T08:00:00Z,34.039924,-118.511761,,244065,2026-09-10T11:11:58Z
LA_METRO,EAST HOLLYWOOD,25,REPORTED OUTAGE,1,09/10/2026 02:00,2026-09-10T09:00:00Z,34.092656,-118.29341600000001,,244066,2026-09-10T11:11:58Z
LA_METRO,MID-WILSHIRE,3441,REPORTED OUTAGE,1,09/10/2026 01:30,2026-09-10T08:30:00Z,34.049037,-118.342226,,244067,2026-09-10T11:11:58Z
LA_METRO,BEVERLY GROVE,253,CREWS WORKING,1,09/10/2026 03:00,2026-09-10T10:00:00Z,34.065253999999996,-118.368961,,244068,2026-09-10T11:11:58Z
LA_METRO,WEST LOS ANGELES,27,ASSIGNED,1,09/09/2026 22:00,2026-09-10T05:00:00Z,34.039438,-118.432716,,244069,2026-09-10T11:11:58Z
LA_METRO,HARVARD HEIGHTS,55,REPORTED OUTAGE,1,09/10/2026 02:30,2026-09-10T09:30:00Z,34.045021999999996,-118.303152,,244070,2026-09-10T11:11:58Z
LA_METRO,SYLMAR,19,CREWS WORKING,1,09/10/2026 02:30,2026-09-10T09:30:00Z,34.318937,-118.459837,,244071,2026-09-10T11:11:58Z
LA_METRO,HOLLYWOOD HILLS,286,REPORTED OUTAGE,1,09/10/2026 02:30,2026-09-10T09:30:00Z,34.108864,-118.331029,,244072,2026-09-10T11:11:58Z
LA_METRO,SOUTH PARK,691,REPORTED OUTAGE,1,09/10/2026 04:30,2026-09-10T11:30:00Z,33.994723,-118.256524,,244073,2026-09-10T11:11:58Z
LA_METRO,SAWTELLE,32,ASSIGNED,1,09/10/2026 04:30,2026-09-10T11:30:00Z,34.032142,-118.447732,,244074,2026-09-10T11:11:58Z
LA_METRO,STUDIO CITY,10,CREWS WORKING,1,09/10/2026 04:30,2026-09-10T11:30:00Z,34.15165,-118.403929,,244075,2026-09-10T11:11:58Z
LA_METRO,EXPOSITION PARK,364,REPORTED OUTAGE,1,09/10/2026 03:30,2026-09-10T10:30:00Z,34.022478,-118.30894,,244076,2026-09-10T11:11:58Z
LA_METRO,MID-WILSHIRE,1011,REPORTED OUTAGE,2,09/10/2026 04:30,2026-09-10T11:30:00Z,34.053549,-118.34921800000001,,244077,2026-09-10T11:11:58Z
LA_METRO,HANCOCK PARK,40,ASSIGNED,1,09/10/2026 03:30,2026-09-10T10:30:00Z,34.079344999999996,-118.341404,,244078,2026-09-10T11:11:58Z
LA_METRO,EAGLE ROCK,19,REPORTED OUTAGE,1,09/10/2026 04:00,2026-09-10T11:00:00Z,34.132895,-118.188751,,244079,2026-09-10T11:11:58Z
LA_METRO,PACOIMA,224,ASSIGNED,1,,,34.2637969898936,-118.416334424832,,244080,2026-09-10T11:11:58Z
LA_METRO,HISTORIC SOUTH-CENTRAL,2485,ASSIGNED,1,09/10/2026 12:30,2026-09-10T19:30:00Z,34.00472,-118.27250000000001,,244081,2026-09-10T11:11:58Z
LA_METRO,MID-CITY,96,REPORTED OUTAGE,1,09/10/2026 09:00,2026-09-10T16:00:00Z,34.048136,-118.36156199999999,,244082,2026-09-10T11:11:58Z
LA_METRO,SAWTELLE,2,ASSIGNED,2,09/10/2026 05:00,2026-09-10T12:00:00Z,34.032845,-118.445244,,244083,2026-09-10T11:11:58Z
LA_METRO,BROADWAY-MANCHESTER,1673,EN ROUTE,1,,,33.949154,-118.27338499999999,,244084,2026-09-10T11:11:58Z
LA_METRO,MAR VISTA,23,ASSIGNED,1,09/09/2026 22:00,2026-09-10T05:00:00Z,34.021623,-118.435634,,244085,2026-09-10T11:11:58Z
LA_METRO,VERMONT-SLAUSON,48,ASSIGNED,1,09/10/2026 06:30,2026-09-10T13:30:00Z,33.983183,-118.28965600000001,,244086,2026-09-10T11:11:58Z
LA_METRO,PALMS,42,REPORTED OUTAGE,1,09/10/2026 10:30,2026-09-10T17:30:00Z,34.01638,-118.414806,,244087,2026-09-10T11:11:58Z
LA_METRO,JEFFERSON PARK,75,REPORTED OUTAGE,1,09/10/2026 09:00,2026-09-10T16:00:00Z,34.031934,-118.31065,,244088,2026-09-10T11:11:58Z
LA_METRO,SOUTH PARK,317,ASSIGNED,2,09/10/2026 09:00,2026-09-10T16:00:00Z,33.998709,-118.264476,,244089,2026-09-10T11:11:58Z
LA_METRO,WEST ADAMS,54,REPORTED OUTAGE,1,09/10/2026 11:30,2026-09-10T18:30:00Z,34.026918,-118.33794,,244090,2026-09-10T11:11:58Z
LA_METRO,FLORENCE,44,ASSIGNED,2,09/10/2026 00:00,2026-09-10T07:00:00Z,33.963364,-118.259805,,244091,2026-09-10T11:11:58Z
LA_METRO,KOREATOWN,14,ASSIGNED,4,09/10/2026 05:30,2026-09-10T12:30:00Z,34.06105,-118.30086299999999,,244906,2026-09-10T15:02:24Z
LA_METRO,HISTORIC SOUTH-CENTRAL,2351,CREWS WORKING,2,09/10/2026 07:30,2026-09-10T14:30:00Z,34.00472,-118.272376,,244907,2026-09-10T15:02:24Z
LA_METRO,WESTWOOD,1371,CREWS WORKING,1,09/10/2026 04:00,2026-09-10T11:00:00Z,34.068380999999995,-118.425462,,244908,2026-09-10T15:02:24Z
LA_METRO,KOREATOWN,82,REPORTED OUTAGE,2,09/10/2026 02:30,2026-09-10T09:30:00Z,34.058869,-118.300441,,244909,2026-09-10T15:02:24Z
LA_METRO,WOODLAND HILLS,12,ASSIGNED,1,09/10/2026 11:00,2026-09-10T18:00:00Z,34.151179,-118.629401,,244910,2026-09-10T15:02:24Z
LA_METRO,WESTCHESTER,188,ASSIGNED,1,09/10/2026 01:00,2026-09-10T08:00:00Z,33.97011,-118.380409,,244911,2026-09-10T15:02:24Z
LA_METRO,LEIMERT PARK,20,REPORTED OUTAGE,2,09/10/2026 13:30,2026-09-10T20:30:00Z,34.017421,-118.33155099999999,,244912,2026-09-10T15:02:24Z
LA_METRO,ADAMS-NORMANDIE,3,ASSIGNED,1,09/09/2026 22:00,2026-09-10T05:00:00Z,34.031166999999996,-118.303476,,244913,2026-09-10T15:02:24Z
LA_METRO,ATWATER VILLAGE,50,REPORTED OUTAGE,1,09/10/2026 03:00,2026-09-10T10:00:00Z,34.117025999999996,-118.25539,,244914,2026-09-10T15:02:24Z
LA_METRO,RESEDA,18,EN ROUTE,1,,,34.210688999999995,-118.55511,,244915,2026-09-10T15:02:24Z
LA_METRO,VERMONT SQUARE,50,ASSIGNED,1,09/10/2026 03:00,2026-09-10T10:00:00Z,34.007498999999996,-118.300797,,244916,2026-09-10T15:02:24Z
LA_METRO,HOLLYWOOD,64,ASSIGNED,1,09/10/2026 05:00,2026-09-10T12:00:00Z,34.092003,-118.323971,,244917,2026-09-10T15:02:24Z
LA_METRO,MID-WILSHIRE,55,ASSIGNED,1,09/10/2026 14:30,2026-09-10T21:30:00Z,34.056582,-118.347624,,244918,2026-09-10T15:02:24Z
LA_METRO,WEST ADAMS,54,REPORTED OUTAGE,1,09/10/2026 14:30,2026-09-10T21:30:00Z,34.026918,-118.33794,,244919,2026-09-10T15:02:24Z
LA_METRO,HISTORIC SOUTH-CENTRAL,22,REPORTED OUTAGE,4,09/10/2026 00:00,2026-09-10T07:00:00Z,34.010593,-118.270986,,244920,2026-09-10T15:02:24Z
LA_METRO,BEVERLY GROVE,38,REPORTED OUTAGE,1,,,34.065568999999996,-118.371775,,244921,2026-09-10T15:02:24Z
LA_METRO,LOS FELIZ,85,ASSIGNED,2,09/10/2026 13:00,2026-09-10T20:00:00Z,34.111765,-118.284827,,244922,2026-09-10T15:02:24Z
LA_METRO,HOLLYWOOD HILLS,8,ASSIGNED,2,,,34.121370999999996,-118.352683,,244923,2026-09-10T15:02:24Z
LA_METRO,WESTLAKE,87,REPORTED OUTAGE,1,,,34.060125,-118.271305,,244924,2026-09-10T15:02:24Z
LA_METRO,FLORENCE,48,ASSIGNED,1,09/09/2026 22:30,2026-09-10T05:30:00Z,33.969847,-118.260673,,244925,2026-09-10T15:02:24Z
LA_METRO,WEST ADAMS,38,REPORTED OUTAGE,2,09/10/2026 00:00,2026-09-10T07:00:00Z,34.026081999999995,-118.34109699999999,,244926,2026-09-10T15:02:24Z
LA_METRO,ELYSIAN VALLEY,6,ASSIGNED,1,09/09/2026 19:00,2026-09-10T02:00:00Z,34.096818,-118.244006,,244927,2026-09-10T15:02:24Z
LA_METRO,BEVERLY CREST,11,ASSIGNED,1,09/09/2026 22:30,2026-09-10T05:30:00Z,34.129599,-118.444951,,244928,2026-09-10T15:02:24Z
LA_METRO,KOREATOWN,245,REPORTED OUTAGE,1,09/10/2026 02:30,2026-09-10T09:30:00Z,34.056385,-118.30257399999999,,244929,2026-09-10T15:02:24Z
LA_METRO,EXPOSITION PARK,33,ASSIGNED,2,09/10/2026 12:30,2026-09-10T19:30:00Z,34.013196,-118.310193,,244930,2026-09-10T15:02:24Z
LA_METRO,GREEN MEADOWS,42,ASSIGNED,1,09/10/2026 05:00,2026-09-10T12:00:00Z,33.946083,-118.26809,,244931,2026-09-10T15:02:24Z
LA_METRO,WINDSOR SQUARE,146,ASSIGNED,1,09/09/2026 23:30,2026-09-10T06:30:00Z,34.071366,-118.319333,,244932,2026-09-10T15:02:24Z
LA_METRO,LOS FELIZ,856,ASSIGNED,1,09/10/2026 08:30,2026-09-10T15:30:00Z,34.105122,-118.285247,,244933,2026-09-10T15:02:24Z
LA_METRO,HOLLYWOOD HILLS,3,REPORTED OUTAGE,3,09/09/2026 23:30,2026-09-10T06:30:00Z,34.106652,-118.332103,,244934,2026-09-10T15:02:24Z
LA_METRO,HISTORIC SOUTH-CENTRAL,1629,ASSIGNED,3,09/09/2026 23:30,2026-09-10T06:30:00Z,34.006873999999996,-118.273924,,244935,2026-09-10T15:02:24Z
LA_METRO,LEIMERT PARK,106,REPORTED OUTAGE,1,09/09/2026 23:30,2026-09-10T06:30:00Z,34.017143,-118.32095100000001,,244936,2026-09-10T15:02:24Z
LA_METRO,CHESTERFIELD SQUARE,24,ASSIGNED,1,09/10/2026 05:30,2026-09-10T12:30:00Z,33.976559,-118.313833,,244937,2026-09-10T15:02:24Z
LA_METRO,SILVER LAKE,67,REPORTED OUTAGE,1,09/09/2026 23:00,2026-09-10T06:00:00Z,34.108281,-118.267818,,244938,2026-09-10T15:02:24Z
LA_METRO,HIGHLAND PARK,31,ASSIGNED,1,09/10/2026 10:30,2026-09-10T17:30:00Z,34.118289,-118.186737,,244939,2026-09-10T15:02:24Z
LA_METRO,WESTCHESTER,30,CREWS WORKING,2,09/10/2026 01:00,2026-09-10T08:00:00Z,33.968906,-118.37753599999999,,244940,2026-09-10T15:02:24Z
LA_METRO,PACIFIC PALISADES,3,ASSIGNED,2,09/10/2026 01:00,2026-09-10T08:00:00Z,34.039924,-118.511761,,244941,2026-09-10T15:02:24Z
LA_METRO,EAST HOLLYWOOD,25,REPORTED OUTAGE,1,09/10/2026 02:00,2026-09-10T09:00:00Z,34.092656,-118.29341600000001,,244942,2026-09-10T15:02:24Z
LA_METRO,WEST LOS ANGELES,27,ASSIGNED,1,09/09/2026 22:00,2026-09-10T05:00:00Z,34.039438,-118.432716,,244943,2026-09-10T15:02:24Z
LA_METRO,HARVARD HEIGHTS,55,ASSIGNED,1,09/10/2026 02:30,2026-09-10T09:30:00Z,34.045021999999996,-118.303152,,244944,2026-09-10T15:02:24Z
LA_METRO,HOLLYWOOD HILLS,286,REPORTED OUTAGE,1,09/10/2026 02:30,2026-09-10T09:30:00Z,34.108864,-118.331029,,244945,2026-09-10T15:02:24Z
LA_METRO,SOUTH PARK,691,REPORTED OUTAGE,1,09/10/2026 04:30,2026-09-10T11:30:00Z,33.994723,-118.256524,,244946,2026-09-10T15:02:24Z
LA_METRO,SAWTELLE,32,ASSIGNED,1,09/10/2026 04:30,2026-09-10T11:30:00Z,34.032142,-118.447732,,244947,2026-09-10T15:02:24Z
LA_METRO,EXPOSITION PARK,364,ASSIGNED,1,09/10/2026 17:30,2026-09-11T00:30:00Z,34.022478,-118.30894,,244948,2026-09-10T15:02:24Z
LA_METRO,HANCOCK PARK,40,ASSIGNED,1,09/10/2026 03:30,2026-09-10T10:30:00Z,34.079344999999996,-118.341404,,244949,2026-09-10T15:02:24Z
LA_METRO,EAGLE ROCK,19,REPORTED OUTAGE,1,09/10/2026 04:00,2026-09-10T11:00:00Z,34.132895,-118.188751,,244950,2026-09-10T15:02:24Z
LA_METRO,HISTORIC SOUTH-CENTRAL,2520,EN ROUTE,1,09/10/2026 12:30,2026-09-10T19:30:00Z,34.00472,-118.27250000000001,,244951,2026-09-10T15:02:24Z
LA_METRO,MID-CITY,96,REPORTED OUTAGE,1,09/10/2026 09:00,2026-09-10T16:00:00Z,34.048136,-118.36156199999999,,244952,2026-09-10T15:02:24Z
LA_METRO,SAWTELLE,2,ASSIGNED,2,,,34.032845,-118.445244,,244953,2026-09-10T15:02:24Z
LA_METRO,PACIFIC PALISADES,30,REPORTED OUTAGE,1,09/10/2026 05:30,2026-09-10T12:30:00Z,34.043278,-118.50873,,244954,2026-09-10T15:02:24Z
LA_METRO,MAR VISTA,23,ASSIGNED,1,09/09/2026 22:00,2026-09-10T05:00:00Z,34.021623,-118.435634,,244955,2026-09-10T15:02:24Z
LA_METRO,VERMONT-SLAUSON,1612,ASSIGNED,1,09/10/2026 06:30,2026-09-10T13:30:00Z,33.988509,-118.286968,,244956,2026-09-10T15:02:24Z
LA_METRO,PALMS,42,ASSIGNED,1,09/10/2026 10:30,2026-09-10T17:30:00Z,34.01638,-118.414806,,244957,2026-09-10T15:02:24Z
LA_METRO,JEFFERSON PARK,75,ASSIGNED,1,09/10/2026 15:00,2026-09-10T22:00:00Z,34.031934,-118.31065,,244958,2026-09-10T15:02:24Z
LA_METRO,SOUTH PARK,317,ASSIGNED,2,09/10/2026 09:00,2026-09-10T16:00:00Z,33.998709,-118.264476,,244959,2026-09-10T15:02:24Z
LA_METRO,FLORENCE,44,ASSIGNED,2,09/10/2026 00:00,2026-09-10T07:00:00Z,33.963364,-118.259805,,244960,2026-09-10T15:02:24Z
LA_METRO,KOREATOWN,39,REPORTED OUTAGE,3,09/10/2026 02:30,2026-09-10T09:30:00Z,34.058689,-118.299367,,244961,2026-09-10T15:02:24Z
LA_METRO,EAST HOLLYWOOD,25,ASSIGNED,1,09/10/2026 16:30,2026-09-10T23:30:00Z,34.092656,-118.29341600000001,,245706,2026-09-10T18:20:55Z
LA_METRO,WEST LOS ANGELES,27,ASSIGNED,1,09/10/2026 16:30,2026-09-10T23:30:00Z,34.039438,-118.432716,,245707,2026-09-10T18:20:55Z
LA_METRO,HARVARD HEIGHTS,55,CREWS WORKING,1,09/10/2026 16:30,2026-09-10T23:30:00Z,34.045021999999996,-118.303152,,245708,2026-09-10T18:20:55Z
LA_METRO,HOLLYWOOD HILLS,65,ASSIGNED,1,09/10/2026 16:30,2026-09-10T23:30:00Z,34.109289,-118.330911,,245709,2026-09-10T18:20:55Z
LA_METRO,CENTRAL-ALAMEDA,63,EN ROUTE,1,09/10/2026 16:30,2026-09-10T23:30:00Z,34.000232,-118.253109,,245710,2026-09-10T18:20:55Z
LA_METRO,EXPOSITION PARK,364,ASSIGNED,2,09/10/2026 17:30,2026-09-11T00:30:00Z,34.022478,-118.30894,,245711,2026-09-10T18:20:55Z
LA_METRO,HANCOCK PARK,40,ASSIGNED,1,,,34.079344999999996,-118.341404,,245712,2026-09-10T18:20:55Z
LA_METRO,HISTORIC SOUTH-CENTRAL,2520,CREWS WORKING,2,09/10/2026 12:30,2026-09-10T19:30:00Z,34.00472,-118.27250000000001,,245713,2026-09-10T18:20:55Z
LA_METRO,MID-CITY,96,EN ROUTE,1,09/10/2026 16:30,2026-09-10T23:30:00Z,34.048136,-118.36156199999999,,245714,2026-09-10T18:20:55Z
LA_METRO,MID-CITY,18,ASSIGNED,2,,,34.036674,-118.387773,,245715,2026-09-10T18:20:55Z
LA_METRO,MAR VISTA,23,ASSIGNED,1,09/10/2026 16:30,2026-09-10T23:30:00Z,34.021623,-118.435634,,245716,2026-09-10T18:20:55Z
LA_METRO,VERMONT-SLAUSON,1612,CREWS WORKING,1,,,33.988509,-118.286968,,245717,2026-09-10T18:20:55Z
LA_METRO,EL SERENO,22,ASSIGNED,1,09/10/2026 16:30,2026-09-10T23:30:00Z,34.073567,-118.162744,,245718,2026-09-10T18:20:55Z
LA_METRO,PALMS,42,CREWS WORKING,1,09/10/2026 10:30,2026-09-10T17:30:00Z,34.01638,-118.414806,,245719,2026-09-10T18:20:55Z
LA_METRO,SOUTH PARK,317,ASSIGNED,1,09/10/2026 16:30,2026-09-10T23:30:00Z,33.998709,-118.264476,,245720,2026-09-10T18:20:55Z
LA_METRO,LOS FELIZ,48,ASSIGNED,4,09/10/2026 11:30,2026-09-10T18:30:00Z,34.110456,-118.275814,,245721,2026-09-10T18:20:55Z
LA_METRO,FLORENCE,44,ASSIGNED,2,,,33.963364,-118.259805,,245722,2026-09-10T18:20:55Z
LA_METRO,KOREATOWN,14,CREWS WORKING,1,09/10/2026 16:00,2026-09-10T23:00:00Z,34.06105,-118.30086299999999,,245723,2026-09-10T18:20:55Z
LA_METRO,JEFFERSON PARK,75,CREWS WORKING,1,09/10/2026 11:30,2026-09-10T18:30:00Z,34.031934,-118.31065,,245724,2026-09-10T18:20:55Z
LA_METRO,LOS FELIZ,521,EN ROUTE,2,09/10/2026 00:30,2026-09-10T07:30:00Z,34.111675999999996,-118.285281,,245725,2026-09-10T18:20:55Z
LA_METRO,HISTORIC SOUTH-CENTRAL,2680,CREWS WORKING,1,09/10/2026 15:30,2026-09-10T22:30:00Z,34.00472,-118.272376,,245726,2026-09-10T18:20:55Z
LA_METRO,WESTWOOD,1380,EN ROUTE,1,09/10/2026 16:30,2026-09-10T23:30:00Z,34.068380999999995,-118.425462,,245727,2026-09-10T18:20:55Z
LA_METRO,EXPOSITION PARK,1928,ASSIGNED,1,09/10/2026 16:30,2026-09-10T23:30:00Z,34.016020999999995,-118.300104,,245728,2026-09-10T18:20:55Z
LA_METRO,WOODLAND HILLS,12,CREWS WORKING,1,09/10/2026 11:00,2026-09-10T18:00:00Z,34.151179,-118.629401,,245729,2026-09-10T18:20:55Z
LA_METRO,WESTCHESTER,188,ASSIGNED,1,09/10/2026 16:30,2026-09-10T23:30:00Z,33.97011,-118.380409,,245730,2026-09-10T18:20:55Z
LA_METRO,LEIMERT PARK,20,EN ROUTE,1,09/10/2026 13:30,2026-09-10T20:30:00Z,34.017421,-118.33155099999999,,245731,2026-09-10T18:20:55Z
LA_METRO,HOLLYWOOD,21,ASSIGNED,2,,,34.100871999999995,-118.35457,,245732,2026-09-10T18:20:55Z
LA_METRO,MAR VISTA,12,ASSIGNED,2,09/10/2026 16:30,2026-09-10T23:30:00Z,34.022921,-118.432015,,245733,2026-09-10T18:20:55Z
LA_METRO,PALMS,3,ASSIGNED,2,09/09/2026 21:00,2026-09-10T04:00:00Z,34.027561,-118.407158,,245734,2026-09-10T18:20:55Z
LA_METRO,PACOIMA,1,ASSIGNED,1,09/10/2026 12:00,2026-09-10T19:00:00Z,34.2637969898936,-118.416334424832,,245735,2026-09-10T18:20:55Z
LA_METRO,GREEN MEADOWS,31,REPORTED OUTAGE,2,09/10/2026 11:00,2026-09-10T18:00:00Z,33.938777,-118.257608,,245736,2026-09-10T18:20:55Z
LA_METRO,ATWATER VILLAGE,50,ASSIGNED,1,,,34.117025999999996,-118.25539,,245737,2026-09-10T18:20:55Z
LA_METRO,VERMONT SQUARE,50,ASSIGNED,1,,,34.007498999999996,-118.300797,,245738,2026-09-10T18:20:55Z
LA_METRO,HOLLYWOOD,64,ASSIGNED,1,09/10/2026 16:30,2026-09-10T23:30:00Z,34.092003,-118.323971,,245739,2026-09-10T18:20:55Z
LA_METRO,LAKE BALBOA,14,ASSIGNED,1,09/10/2026 14:30,2026-09-10T21:30:00Z,34.199677,-118.504757,,245740,2026-09-10T18:20:55Z
LA_METRO,WEST ADAMS,18,ASSIGNED,3,09/10/2026 15:30,2026-09-10T22:30:00Z,34.028948,-118.34344899999999,,245741,2026-09-10T18:20:55Z
LA_METRO,MID-WILSHIRE,1011,EN ROUTE,1,09/10/2026 14:30,2026-09-10T21:30:00Z,34.053549,-118.34921800000001,,245742,2026-09-10T18:20:55Z
LA_METRO,VERMONT KNOLLS,1,CREWS WORKING,1,09/10/2026 11:30,2026-09-10T18:30:00Z,33.9713,-118.29864599999999,,245743,2026-09-10T18:20:55Z
LA_METRO,BEVERLY GROVE,38,REPORTED OUTAGE,1,,,34.065568999999996,-118.371775,,245744,2026-09-10T18:20:55Z
LA_METRO,EAGLE ROCK,19,ASSIGNED,2,09/09/2026 21:00,2026-09-10T04:00:00Z,34.132895,-118.188751,,245745,2026-09-10T18:20:55Z
LA_METRO,LOS FELIZ,85,ASSIGNED,3,09/10/2026 13:00,2026-09-10T20:00:00Z,34.111765,-118.284827,,245746,2026-09-10T18:20:55Z
LA_METRO,HOLLYWOOD HILLS,4,ASSIGNED,2,,,34.121370999999996,-118.352683,,245747,2026-09-10T18:20:55Z
LA_METRO,WESTCHESTER,30,EN ROUTE,2,09/10/2026 16:30,2026-09-10T23:30:00Z,33.969547,-118.376186,,245748,2026-09-10T18:20:55Z
LA_METRO,WESTLAKE,87,ASSIGNED,1,,,34.060125,-118.271305,,245749,2026-09-10T18:20:55Z
LA_METRO,KOREATOWN,4,ASSIGNED,2,,,34.058516,-118.30044,,245750,2026-09-10T18:20:55Z
LA_METRO,FLORENCE,48,ASSIGNED,1,,,33.969847,-118.260673,,245751,2026-09-10T18:20:55Z
LA_METRO,WEST ADAMS,38,ASSIGNED,2,,,34.026081999999995,-118.34109699999999,,245752,2026-09-10T18:20:55Z
LA_METRO,BEVERLY CREST,11,ASSIGNED,1,09/10/2026 22:30,2026-09-11T05:30:00Z,34.129599,-118.444951,,245753,2026-09-10T18:20:55Z
LA_METRO,HARBOR GATEWAY,78,CREWS WORKING,1,09/10/2026 14:30,2026-09-10T21:30:00Z,33.843301,-118.306249,,245754,2026-09-10T18:20:55Z
LA_METRO,EXPOSITION PARK,33,ASSIGNED,3,09/10/2026 12:30,2026-09-10T19:30:00Z,34.013196,-118.310193,,245755,2026-09-10T18:20:55Z
LA_METRO,GREEN MEADOWS,43,EN ROUTE,1,,,33.946083,-118.26809,,245756,2026-09-10T18:20:55Z
LA_METRO,EAGLE ROCK,35,ASSIGNED,1,,,34.144473,-118.199044,,245757,2026-09-10T18:20:55Z
LA_METRO,WINDSOR SQUARE,146,ASSIGNED,1,09/10/2026 16:30,2026-09-10T23:30:00Z,34.071366,-118.319333,,245758,2026-09-10T18:20:55Z
LA_METRO,LOS FELIZ,856,CREWS WORKING,1,09/10/2026 16:30,2026-09-10T23:30:00Z,34.105122,-118.285247,,245759,2026-09-10T18:20:55Z
LA_METRO,HOLLYWOOD HILLS,3,ASSIGNED,3,09/10/2026 16:30,2026-09-10T23:30:00Z,34.106652,-118.332103,,245760,2026-09-10T18:20:55Z
LA_METRO,HISTORIC SOUTH-CENTRAL,1727,ASSIGNED,3,09/10/2026 16:30,2026-09-10T23:30:00Z,34.006873999999996,-118.273924,,245761,2026-09-10T18:20:55Z
LA_METRO,WESTCHESTER,16,ASSIGNED,3,09/10/2026 16:30,2026-09-10T23:30:00Z,33.969758999999996,-118.399445,,245762,2026-09-10T18:20:55Z
LA_METRO,CHESTERFIELD SQUARE,24,ASSIGNED,1,,,33.976559,-118.313833,,245763,2026-09-10T18:20:55Z
LA_METRO,SILVER LAKE,67,REPORTED OUTAGE,1,09/10/2026 16:30,2026-09-10T23:30:00Z,34.108281,-118.267818,,245764,2026-09-10T18:20:55Z
LA_METRO,HIGHLAND PARK,31,ASSIGNED,2,09/10/2026 10:30,2026-09-10T17:30:00Z,34.118289,-118.186737,,245765,2026-09-10T18:20:55Z
LA_METRO,HIGHLAND PARK,32,ASSIGNED,1,09/10/2026 10:30,2026-09-10T17:30:00Z,34.119966999999995,-118.186745,,245766,2026-09-10T18:20:55Z
LA_METRO,WEST ADAMS,54,EN ROUTE,1,09/10/2026 00:30,2026-09-10T07:30:00Z,34.026918,-118.33794,,245767,2026-09-10T18:20:55Z
LA_METRO,PACIFIC PALISADES,9,CREWS WORKING,1,09/10/2026 16:30,2026-09-10T23:30:00Z,34.039924,-118.511761,,245768,2026-09-10T18:20:55Z
