utility,incident_id,substation,feeder,consumers_affected,start_local_raw,start_utc,etr_local_raw,etr_utc,duration_raw,duration_minutes,outage_comment,alias,opt_code,latitude,longitude,poly_vertices,poly_json,retrieved_utc
glendale,D172378,7,9,49,08/26 09:32 pm,2026-08-27T04:32:00Z,Aug 27 2026 07:32 am,2026-08-27T14:32:00Z,12 hr 40 min,760,,,,34.140935835154295,-118.23787769833162,40,"[{""lon"": ""-118.23805902587183"", ""lat"": ""34.139388398272295""}, {""lon"": ""-118.23827342084543"", ""lat"": ""34.13939092207456""}, {""lon"": ""-118.23848302821702"", ""lat"": ""34.13942847019852""}, {""lon"": ""-118.23867965427877"", ""lat"": ""34.1394995748558""}, {""lon"": ""-118.23885561272893"", ""lat"": ""34.13960145650525""}, {""lon"": ""-118.23900402511542"", ""lat"": ""34.13973013249885""}, {""lon"": ""-118.23911908971253"", ""lat"": ""34.139880572755644""}, {""lon"": ""-118.23919630832182"", ""lat"": ""34.14004689638055""}, {""lon"": ""-118.23923266213176"", ""lat"": ""34.1402226015441""}, {""lon"": ""-118.23925782292625"", ""lat"": ""34.1405153203978""}, {""lon"": ""-118.23926043551388"", ""lat"": ""34.1405647745112""}, {""lon"": ""-118.23926295517488"", ""lat"": ""34.14069215208619""}, {""lon"": ""-118.23926201776602"", ""lat"": ""34.14074729005536""}, {""lon"": ""-118.23923243053262"", ""lat"": ""34.141297080321806""}, {""lon"": ""-118.23920245234993"", ""lat"": ""34.14147104149783""}, {""lon"": ""-118.2391324623766"", ""lat"": ""34.14163686417091""}, {""lon"": ""-118.23902511879375"", ""lat"": ""34.14178824995087""}, {""lon"": ""-118.23888449863234"", ""lat"": ""34.14191944876673""}, {""lon"": ""-118.23871594293705"", ""lat"": ""34.14202547728107""}, {""lon"": ""-118.23852585390651"", ""lat"": ""34.142102308184""}, {""lon"": ""-118.2383214517135"", ""lat"": ""34.142147023174914""}, {""lon"": ""-118.2381105002435"", ""lat"": ""34.14215792381908""}, {""lon"": ""-118.2379010121718"", ""lat"": ""34.142134596066455""}, {""lon"": ""-118.237227653061"", ""lat"": ""34.14200306786799""}, {""lon"": ""-118.23701650307865"", ""lat"": ""34.14194215281152""}, {""lon"": ""-118.23682485518832"", ""lat"": ""34.14184654226357""}, {""lon"": ""-118.2366608490306"", ""lat"": ""34.14172029701227""}, {""lon"": ""-118.23653145015578"", ""lat"": ""34.14156877895137""}, {""lon"": ""-118.23644215418419"", ""lat"": ""34.14139842333448""}, {""lon"": ""-118.23639675341643"", ""lat"": ""34.14121646544325""}, {""lon"": ""-118.23639717580336"", ""lat"": ""34.1410306332813""}, {""lon"": ""-118.23649840041561"", ""lat"": ""34.14023287745703""}, {""lon"": ""-118.23654161570747"", ""lat"": ""34.14005896262014""}, {""lon"": ""-118.2366249850567"", ""lat"": ""34.1398954628321""}, {""lon"": ""-118.23674527469262"", ""lat"": ""34.13974871956608""}, {""lon"": ""-118.23689781892865"", ""lat"": ""34.13962442434795""}, {""lon"": ""-118.23707670114243"", ""lat"": ""34.13952739801814""}, {""lon"": ""-118.23727498325977"", ""lat"": ""34.13946140376568""}, {""lon"": ""-118.23748497484146"", ""lat"": ""34.13942900118342""}, {""lon"": ""-118.23805902587183"", ""lat"": ""34.139388398272295""}]",2026-08-27T17:12:51Z
glendale,D172379,7,9,29,08/26 09:28 pm,2026-08-27T04:28:00Z,Aug 27 2026 07:32 am,2026-08-27T14:32:00Z,12 hr 44 min,764,,,,34.141483783850944,-118.23788023909542,37,"[{""lon"": ""-118.23654305364101"", ""lat"": ""34.141125400798764""}, {""lon"": ""-118.2365924716035"", ""lat"": ""34.140950128746084""}, {""lon"": ""-118.23668277820222"", ""lat"": ""34.140786512003075""}, {""lon"": ""-118.23681037384877"", ""lat"": ""34.1406410718651""}, {""lon"": ""-118.23697017279383"", ""lat"": ""34.14051960512757""}, {""lon"": ""-118.23715580584742"", ""lat"": ""34.14042695305582""}, {""lon"": ""-118.23735987423676"", ""lat"": ""34.14036680844122""}, {""lon"": ""-118.23757424448505"", ""lat"": ""34.140341568431154""}, {""lon"": ""-118.23779037255979"", ""lat"": ""34.140352238996094""}, {""lon"": ""-118.23799964437742"", ""lat"": ""34.14039839483984""}, {""lon"": ""-118.23854273532388"", ""lat"": ""34.140567990122165""}, {""lon"": ""-118.23874638295622"", ""lat"": ""34.140652830255966""}, {""lon"": ""-118.23892422668311"", ""lat"": ""34.14077116737902""}, {""lon"": ""-118.23906842099748"", ""lat"": ""34.14091778116794""}, {""lon"": ""-118.23917260470652"", ""lat"": ""34.14108620387635""}, {""lon"": ""-118.23923218156547"", ""lat"": ""34.141269005637625""}, {""lon"": ""-118.23925853147432"", ""lat"": ""34.14140527101127""}, {""lon"": ""-118.23927155847726"", ""lat"": ""34.14158137969227""}, {""lon"": ""-118.23924309124634"", ""lat"": ""34.14175622629169""}, {""lon"": ""-118.23917421946119"", ""lat"": ""34.14192311642399""}, {""lon"": ""-118.23906757981533"", ""lat"": ""34.14207566029616""}, {""lon"": ""-118.23892725509602"", ""lat"": ""34.14220801736309""}, {""lon"": ""-118.23838239813124"", ""lat"": ""34.14263030328244""}, {""lon"": ""-118.23820683136799"", ""lat"": ""34.142740941262886""}, {""lon"": ""-118.23800799681457"", ""lat"": ""34.142819797472725""}, {""lon"": ""-118.23779409885584"", ""lat"": ""34.142863618091944""}, {""lon"": ""-118.23757396349053"", ""lat"": ""34.14287059495638""}, {""lon"": ""-118.23735667411681"", ""lat"": ""34.14284044017502""}, {""lon"": ""-118.23715119669141"", ""lat"": ""34.142774398011326""}, {""lon"": ""-118.23696600973643"", ""lat"": ""34.14267519353776""}, {""lon"": ""-118.23680875446765"", ""lat"": ""34.14254692018326""}, {""lon"": ""-118.23668591948616"", ""lat"": ""34.14239487081521""}, {""lon"": ""-118.2365740829287"", ""lat"": ""34.14222042816957""}, {""lon"": ""-118.23648976310787"", ""lat"": ""34.14204810953359""}, {""lon"": ""-118.2364497667965"", ""lat"": ""34.141865071058696""}, {""lon"": ""-118.23645579611052"", ""lat"": ""34.14167910359264""}, {""lon"": ""-118.23654305364101"", ""lat"": ""34.141125400798764""}]",2026-08-27T17:12:51Z
glendale,D172378,7,9,49,08/26 09:32 pm,2026-08-27T04:32:00Z,Aug 27 2026 07:32 am,2026-08-27T14:32:00Z,12 hr 42 min,762,,,,34.140935835154295,-118.23787769833162,40,"[{""lon"": ""-118.23805902587183"", ""lat"": ""34.139388398272295""}, {""lon"": ""-118.23827342084543"", ""lat"": ""34.13939092207456""}, {""lon"": ""-118.23848302821702"", ""lat"": ""34.13942847019852""}, {""lon"": ""-118.23867965427877"", ""lat"": ""34.1394995748558""}, {""lon"": ""-118.23885561272893"", ""lat"": ""34.13960145650525""}, {""lon"": ""-118.23900402511542"", ""lat"": ""34.13973013249885""}, {""lon"": ""-118.23911908971253"", ""lat"": ""34.139880572755644""}, {""lon"": ""-118.23919630832182"", ""lat"": ""34.14004689638055""}, {""lon"": ""-118.23923266213176"", ""lat"": ""34.1402226015441""}, {""lon"": ""-118.23925782292625"", ""lat"": ""34.1405153203978""}, {""lon"": ""-118.23926043551388"", ""lat"": ""34.1405647745112""}, {""lon"": ""-118.23926295517488"", ""lat"": ""34.14069215208619""}, {""lon"": ""-118.23926201776602"", ""lat"": ""34.14074729005536""}, {""lon"": ""-118.23923243053262"", ""lat"": ""34.141297080321806""}, {""lon"": ""-118.23920245234993"", ""lat"": ""34.14147104149783""}, {""lon"": ""-118.2391324623766"", ""lat"": ""34.14163686417091""}, {""lon"": ""-118.23902511879375"", ""lat"": ""34.14178824995087""}, {""lon"": ""-118.23888449863234"", ""lat"": ""34.14191944876673""}, {""lon"": ""-118.23871594293705"", ""lat"": ""34.14202547728107""}, {""lon"": ""-118.23852585390651"", ""lat"": ""34.142102308184""}, {""lon"": ""-118.2383214517135"", ""lat"": ""34.142147023174914""}, {""lon"": ""-118.2381105002435"", ""lat"": ""34.14215792381908""}, {""lon"": ""-118.2379010121718"", ""lat"": ""34.142134596066455""}, {""lon"": ""-118.237227653061"", ""lat"": ""34.14200306786799""}, {""lon"": ""-118.23701650307865"", ""lat"": ""34.14194215281152""}, {""lon"": ""-118.23682485518832"", ""lat"": ""34.14184654226357""}, {""lon"": ""-118.2366608490306"", ""lat"": ""34.14172029701227""}, {""lon"": ""-118.23653145015578"", ""lat"": ""34.14156877895137""}, {""lon"": ""-118.23644215418419"", ""lat"": ""34.14139842333448""}, {""lon"": ""-118.23639675341643"", ""lat"": ""34.14121646544325""}, {""lon"": ""-118.23639717580336"", ""lat"": ""34.1410306332813""}, {""lon"": ""-118.23649840041561"", ""lat"": ""34.14023287745703""}, {""lon"": ""-118.23654161570747"", ""lat"": ""34.14005896262014""}, {""lon"": ""-118.2366249850567"", ""lat"": ""34.1398954628321""}, {""lon"": ""-118.23674527469262"", ""lat"": ""34.13974871956608""}, {""lon"": ""-118.23689781892865"", ""lat"": ""34.13962442434795""}, {""lon"": ""-118.23707670114243"", ""lat"": ""34.13952739801814""}, {""lon"": ""-118.23727498325977"", ""lat"": ""34.13946140376568""}, {""lon"": ""-118.23748497484146"", ""lat"": ""34.13942900118342""}, {""lon"": ""-118.23805902587183"", ""lat"": ""34.139388398272295""}]",2026-08-27T17:14:52Z
glendale,D172379,7,9,29,08/26 09:28 pm,2026-08-27T04:28:00Z,Aug 27 2026 07:32 am,2026-08-27T14:32:00Z,12 hr 46 min,766,,,,34.141483783850944,-118.23788023909542,37,"[{""lon"": ""-118.23654305364101"", ""lat"": ""34.141125400798764""}, {""lon"": ""-118.2365924716035"", ""lat"": ""34.140950128746084""}, {""lon"": ""-118.23668277820222"", ""lat"": ""34.140786512003075""}, {""lon"": ""-118.23681037384877"", ""lat"": ""34.1406410718651""}, {""lon"": ""-118.23697017279383"", ""lat"": ""34.14051960512757""}, {""lon"": ""-118.23715580584742"", ""lat"": ""34.14042695305582""}, {""lon"": ""-118.23735987423676"", ""lat"": ""34.14036680844122""}, {""lon"": ""-118.23757424448505"", ""lat"": ""34.140341568431154""}, {""lon"": ""-118.23779037255979"", ""lat"": ""34.140352238996094""}, {""lon"": ""-118.23799964437742"", ""lat"": ""34.14039839483984""}, {""lon"": ""-118.23854273532388"", ""lat"": ""34.140567990122165""}, {""lon"": ""-118.23874638295622"", ""lat"": ""34.140652830255966""}, {""lon"": ""-118.23892422668311"", ""lat"": ""34.14077116737902""}, {""lon"": ""-118.23906842099748"", ""lat"": ""34.14091778116794""}, {""lon"": ""-118.23917260470652"", ""lat"": ""34.14108620387635""}, {""lon"": ""-118.23923218156547"", ""lat"": ""34.141269005637625""}, {""lon"": ""-118.23925853147432"", ""lat"": ""34.14140527101127""}, {""lon"": ""-118.23927155847726"", ""lat"": ""34.14158137969227""}, {""lon"": ""-118.23924309124634"", ""lat"": ""34.14175622629169""}, {""lon"": ""-118.23917421946119"", ""lat"": ""34.14192311642399""}, {""lon"": ""-118.23906757981533"", ""lat"": ""34.14207566029616""}, {""lon"": ""-118.23892725509602"", ""lat"": ""34.14220801736309""}, {""lon"": ""-118.23838239813124"", ""lat"": ""34.14263030328244""}, {""lon"": ""-118.23820683136799"", ""lat"": ""34.142740941262886""}, {""lon"": ""-118.23800799681457"", ""lat"": ""34.142819797472725""}, {""lon"": ""-118.23779409885584"", ""lat"": ""34.142863618091944""}, {""lon"": ""-118.23757396349053"", ""lat"": ""34.14287059495638""}, {""lon"": ""-118.23735667411681"", ""lat"": ""34.14284044017502""}, {""lon"": ""-118.23715119669141"", ""lat"": ""34.142774398011326""}, {""lon"": ""-118.23696600973643"", ""lat"": ""34.14267519353776""}, {""lon"": ""-118.23680875446765"", ""lat"": ""34.14254692018326""}, {""lon"": ""-118.23668591948616"", ""lat"": ""34.14239487081521""}, {""lon"": ""-118.2365740829287"", ""lat"": ""34.14222042816957""}, {""lon"": ""-118.23648976310787"", ""lat"": ""34.14204810953359""}, {""lon"": ""-118.2364497667965"", ""lat"": ""34.141865071058696""}, {""lon"": ""-118.23645579611052"", ""lat"": ""34.14167910359264""}, {""lon"": ""-118.23654305364101"", ""lat"": ""34.141125400798764""}]",2026-08-27T17:14:52Z
glendale,D172378,7,9,49,08/26 09:32 pm,2026-08-27T04:32:00Z,Aug 27 2026 07:32 am,2026-08-27T14:32:00Z,12 hr 42 min,762,,,,34.140935835154295,-118.23787769833162,40,"[{""lon"": ""-118.23805902587183"", ""lat"": ""34.139388398272295""}, {""lon"": ""-118.23827342084543"", ""lat"": ""34.13939092207456""}, {""lon"": ""-118.23848302821702"", ""lat"": ""34.13942847019852""}, {""lon"": ""-118.23867965427877"", ""lat"": ""34.1394995748558""}, {""lon"": ""-118.23885561272893"", ""lat"": ""34.13960145650525""}, {""lon"": ""-118.23900402511542"", ""lat"": ""34.13973013249885""}, {""lon"": ""-118.23911908971253"", ""lat"": ""34.139880572755644""}, {""lon"": ""-118.23919630832182"", ""lat"": ""34.14004689638055""}, {""lon"": ""-118.23923266213176"", ""lat"": ""34.1402226015441""}, {""lon"": ""-118.23925782292625"", ""lat"": ""34.1405153203978""}, {""lon"": ""-118.23926043551388"", ""lat"": ""34.1405647745112""}, {""lon"": ""-118.23926295517488"", ""lat"": ""34.14069215208619""}, {""lon"": ""-118.23926201776602"", ""lat"": ""34.14074729005536""}, {""lon"": ""-118.23923243053262"", ""lat"": ""34.141297080321806""}, {""lon"": ""-118.23920245234993"", ""lat"": ""34.14147104149783""}, {""lon"": ""-118.2391324623766"", ""lat"": ""34.14163686417091""}, {""lon"": ""-118.23902511879375"", ""lat"": ""34.14178824995087""}, {""lon"": ""-118.23888449863234"", ""lat"": ""34.14191944876673""}, {""lon"": ""-118.23871594293705"", ""lat"": ""34.14202547728107""}, {""lon"": ""-118.23852585390651"", ""lat"": ""34.142102308184""}, {""lon"": ""-118.2383214517135"", ""lat"": ""34.142147023174914""}, {""lon"": ""-118.2381105002435"", ""lat"": ""34.14215792381908""}, {""lon"": ""-118.2379010121718"", ""lat"": ""34.142134596066455""}, {""lon"": ""-118.237227653061"", ""lat"": ""34.14200306786799""}, {""lon"": ""-118.23701650307865"", ""lat"": ""34.14194215281152""}, {""lon"": ""-118.23682485518832"", ""lat"": ""34.14184654226357""}, {""lon"": ""-118.2366608490306"", ""lat"": ""34.14172029701227""}, {""lon"": ""-118.23653145015578"", ""lat"": ""34.14156877895137""}, {""lon"": ""-118.23644215418419"", ""lat"": ""34.14139842333448""}, {""lon"": ""-118.23639675341643"", ""lat"": ""34.14121646544325""}, {""lon"": ""-118.23639717580336"", ""lat"": ""34.1410306332813""}, {""lon"": ""-118.23649840041561"", ""lat"": ""34.14023287745703""}, {""lon"": ""-118.23654161570747"", ""lat"": ""34.14005896262014""}, {""lon"": ""-118.2366249850567"", ""lat"": ""34.1398954628321""}, {""lon"": ""-118.23674527469262"", ""lat"": ""34.13974871956608""}, {""lon"": ""-118.23689781892865"", ""lat"": ""34.13962442434795""}, {""lon"": ""-118.23707670114243"", ""lat"": ""34.13952739801814""}, {""lon"": ""-118.23727498325977"", ""lat"": ""34.13946140376568""}, {""lon"": ""-118.23748497484146"", ""lat"": ""34.13942900118342""}, {""lon"": ""-118.23805902587183"", ""lat"": ""34.139388398272295""}]",2026-08-27T17:29:51Z
glendale,D172379,7,9,29,08/26 09:28 pm,2026-08-27T04:28:00Z,Aug 27 2026 07:32 am,2026-08-27T14:32:00Z,12 hr 46 min,766,,,,34.141483783850944,-118.23788023909542,37,"[{""lon"": ""-118.23654305364101"", ""lat"": ""34.141125400798764""}, {""lon"": ""-118.2365924716035"", ""lat"": ""34.140950128746084""}, {""lon"": ""-118.23668277820222"", ""lat"": ""34.140786512003075""}, {""lon"": ""-118.23681037384877"", ""lat"": ""34.1406410718651""}, {""lon"": ""-118.23697017279383"", ""lat"": ""34.14051960512757""}, {""lon"": ""-118.23715580584742"", ""lat"": ""34.14042695305582""}, {""lon"": ""-118.23735987423676"", ""lat"": ""34.14036680844122""}, {""lon"": ""-118.23757424448505"", ""lat"": ""34.140341568431154""}, {""lon"": ""-118.23779037255979"", ""lat"": ""34.140352238996094""}, {""lon"": ""-118.23799964437742"", ""lat"": ""34.14039839483984""}, {""lon"": ""-118.23854273532388"", ""lat"": ""34.140567990122165""}, {""lon"": ""-118.23874638295622"", ""lat"": ""34.140652830255966""}, {""lon"": ""-118.23892422668311"", ""lat"": ""34.14077116737902""}, {""lon"": ""-118.23906842099748"", ""lat"": ""34.14091778116794""}, {""lon"": ""-118.23917260470652"", ""lat"": ""34.14108620387635""}, {""lon"": ""-118.23923218156547"", ""lat"": ""34.141269005637625""}, {""lon"": ""-118.23925853147432"", ""lat"": ""34.14140527101127""}, {""lon"": ""-118.23927155847726"", ""lat"": ""34.14158137969227""}, {""lon"": ""-118.23924309124634"", ""lat"": ""34.14175622629169""}, {""lon"": ""-118.23917421946119"", ""lat"": ""34.14192311642399""}, {""lon"": ""-118.23906757981533"", ""lat"": ""34.14207566029616""}, {""lon"": ""-118.23892725509602"", ""lat"": ""34.14220801736309""}, {""lon"": ""-118.23838239813124"", ""lat"": ""34.14263030328244""}, {""lon"": ""-118.23820683136799"", ""lat"": ""34.142740941262886""}, {""lon"": ""-118.23800799681457"", ""lat"": ""34.142819797472725""}, {""lon"": ""-118.23779409885584"", ""lat"": ""34.142863618091944""}, {""lon"": ""-118.23757396349053"", ""lat"": ""34.14287059495638""}, {""lon"": ""-118.23735667411681"", ""lat"": ""34.14284044017502""}, {""lon"": ""-118.23715119669141"", ""lat"": ""34.142774398011326""}, {""lon"": ""-118.23696600973643"", ""lat"": ""34.14267519353776""}, {""lon"": ""-118.23680875446765"", ""lat"": ""34.14254692018326""}, {""lon"": ""-118.23668591948616"", ""lat"": ""34.14239487081521""}, {""lon"": ""-118.2365740829287"", ""lat"": ""34.14222042816957""}, {""lon"": ""-118.23648976310787"", ""lat"": ""34.14204810953359""}, {""lon"": ""-118.2364497667965"", ""lat"": ""34.141865071058696""}, {""lon"": ""-118.23645579611052"", ""lat"": ""34.14167910359264""}, {""lon"": ""-118.23654305364101"", ""lat"": ""34.141125400798764""}]",2026-08-27T17:29:51Z
glendale,D172378,7,9,49,08/26 09:32 pm,2026-08-27T04:32:00Z,Aug 27 2026 07:32 am,2026-08-27T14:32:00Z,12 hr 42 min,762,,,,34.140935835154295,-118.23787769833162,40,"[{""lon"": ""-118.23805902587183"", ""lat"": ""34.139388398272295""}, {""lon"": ""-118.23827342084543"", ""lat"": ""34.13939092207456""}, {""lon"": ""-118.23848302821702"", ""lat"": ""34.13942847019852""}, {""lon"": ""-118.23867965427877"", ""lat"": ""34.1394995748558""}, {""lon"": ""-118.23885561272893"", ""lat"": ""34.13960145650525""}, {""lon"": ""-118.23900402511542"", ""lat"": ""34.13973013249885""}, {""lon"": ""-118.23911908971253"", ""lat"": ""34.139880572755644""}, {""lon"": ""-118.23919630832182"", ""lat"": ""34.14004689638055""}, {""lon"": ""-118.23923266213176"", ""lat"": ""34.1402226015441""}, {""lon"": ""-118.23925782292625"", ""lat"": ""34.1405153203978""}, {""lon"": ""-118.23926043551388"", ""lat"": ""34.1405647745112""}, {""lon"": ""-118.23926295517488"", ""lat"": ""34.14069215208619""}, {""lon"": ""-118.23926201776602"", ""lat"": ""34.14074729005536""}, {""lon"": ""-118.23923243053262"", ""lat"": ""34.141297080321806""}, {""lon"": ""-118.23920245234993"", ""lat"": ""34.14147104149783""}, {""lon"": ""-118.2391324623766"", ""lat"": ""34.14163686417091""}, {""lon"": ""-118.23902511879375"", ""lat"": ""34.14178824995087""}, {""lon"": ""-118.23888449863234"", ""lat"": ""34.14191944876673""}, {""lon"": ""-118.23871594293705"", ""lat"": ""34.14202547728107""}, {""lon"": ""-118.23852585390651"", ""lat"": ""34.142102308184""}, {""lon"": ""-118.2383214517135"", ""lat"": ""34.142147023174914""}, {""lon"": ""-118.2381105002435"", ""lat"": ""34.14215792381908""}, {""lon"": ""-118.2379010121718"", ""lat"": ""34.142134596066455""}, {""lon"": ""-118.237227653061"", ""lat"": ""34.14200306786799""}, {""lon"": ""-118.23701650307865"", ""lat"": ""34.14194215281152""}, {""lon"": ""-118.23682485518832"", ""lat"": ""34.14184654226357""}, {""lon"": ""-118.2366608490306"", ""lat"": ""34.14172029701227""}, {""lon"": ""-118.23653145015578"", ""lat"": ""34.14156877895137""}, {""lon"": ""-118.23644215418419"", ""lat"": ""34.14139842333448""}, {""lon"": ""-118.23639675341643"", ""lat"": ""34.14121646544325""}, {""lon"": ""-118.23639717580336"", ""lat"": ""34.1410306332813""}, {""lon"": ""-118.23649840041561"", ""lat"": ""34.14023287745703""}, {""lon"": ""-118.23654161570747"", ""lat"": ""34.14005896262014""}, {""lon"": ""-118.2366249850567"", ""lat"": ""34.1398954628321""}, {""lon"": ""-118.23674527469262"", ""lat"": ""34.13974871956608""}, {""lon"": ""-118.23689781892865"", ""lat"": ""34.13962442434795""}, {""lon"": ""-118.23707670114243"", ""lat"": ""34.13952739801814""}, {""lon"": ""-118.23727498325977"", ""lat"": ""34.13946140376568""}, {""lon"": ""-118.23748497484146"", ""lat"": ""34.13942900118342""}, {""lon"": ""-118.23805902587183"", ""lat"": ""34.139388398272295""}]",2026-08-27T17:44:49Z
glendale,D172379,7,9,29,08/26 09:28 pm,2026-08-27T04:28:00Z,Aug 27 2026 07:32 am,2026-08-27T14:32:00Z,12 hr 46 min,766,,,,34.141483783850944,-118.23788023909542,37,"[{""lon"": ""-118.23654305364101"", ""lat"": ""34.141125400798764""}, {""lon"": ""-118.2365924716035"", ""lat"": ""34.140950128746084""}, {""lon"": ""-118.23668277820222"", ""lat"": ""34.140786512003075""}, {""lon"": ""-118.23681037384877"", ""lat"": ""34.1406410718651""}, {""lon"": ""-118.23697017279383"", ""lat"": ""34.14051960512757""}, {""lon"": ""-118.23715580584742"", ""lat"": ""34.14042695305582""}, {""lon"": ""-118.23735987423676"", ""lat"": ""34.14036680844122""}, {""lon"": ""-118.23757424448505"", ""lat"": ""34.140341568431154""}, {""lon"": ""-118.23779037255979"", ""lat"": ""34.140352238996094""}, {""lon"": ""-118.23799964437742"", ""lat"": ""34.14039839483984""}, {""lon"": ""-118.23854273532388"", ""lat"": ""34.140567990122165""}, {""lon"": ""-118.23874638295622"", ""lat"": ""34.140652830255966""}, {""lon"": ""-118.23892422668311"", ""lat"": ""34.14077116737902""}, {""lon"": ""-118.23906842099748"", ""lat"": ""34.14091778116794""}, {""lon"": ""-118.23917260470652"", ""lat"": ""34.14108620387635""}, {""lon"": ""-118.23923218156547"", ""lat"": ""34.141269005637625""}, {""lon"": ""-118.23925853147432"", ""lat"": ""34.14140527101127""}, {""lon"": ""-118.23927155847726"", ""lat"": ""34.14158137969227""}, {""lon"": ""-118.23924309124634"", ""lat"": ""34.14175622629169""}, {""lon"": ""-118.23917421946119"", ""lat"": ""34.14192311642399""}, {""lon"": ""-118.23906757981533"", ""lat"": ""34.14207566029616""}, {""lon"": ""-118.23892725509602"", ""lat"": ""34.14220801736309""}, {""lon"": ""-118.23838239813124"", ""lat"": ""34.14263030328244""}, {""lon"": ""-118.23820683136799"", ""lat"": ""34.142740941262886""}, {""lon"": ""-118.23800799681457"", ""lat"": ""34.142819797472725""}, {""lon"": ""-118.23779409885584"", ""lat"": ""34.142863618091944""}, {""lon"": ""-118.23757396349053"", ""lat"": ""34.14287059495638""}, {""lon"": ""-118.23735667411681"", ""lat"": ""34.14284044017502""}, {""lon"": ""-118.23715119669141"", ""lat"": ""34.142774398011326""}, {""lon"": ""-118.23696600973643"", ""lat"": ""34.14267519353776""}, {""lon"": ""-118.23680875446765"", ""lat"": ""34.14254692018326""}, {""lon"": ""-118.23668591948616"", ""lat"": ""34.14239487081521""}, {""lon"": ""-118.2365740829287"", ""lat"": ""34.14222042816957""}, {""lon"": ""-118.23648976310787"", ""lat"": ""34.14204810953359""}, {""lon"": ""-118.2364497667965"", ""lat"": ""34.141865071058696""}, {""lon"": ""-118.23645579611052"", ""lat"": ""34.14167910359264""}, {""lon"": ""-118.23654305364101"", ""lat"": ""34.141125400798764""}]",2026-08-27T17:44:49Z
glendale,D172378,7,9,49,08/26 09:32 pm,2026-08-27T04:32:00Z,Aug 27 2026 07:32 am,2026-08-27T14:32:00Z,13 hr 27 min,807,,,,34.140935835154295,-118.23787769833162,40,"[{""lon"": ""-118.23805902587183"", ""lat"": ""34.139388398272295""}, {""lon"": ""-118.23827342084543"", ""lat"": ""34.13939092207456""}, {""lon"": ""-118.23848302821702"", ""lat"": ""34.13942847019852""}, {""lon"": ""-118.23867965427877"", ""lat"": ""34.1394995748558""}, {""lon"": ""-118.23885561272893"", ""lat"": ""34.13960145650525""}, {""lon"": ""-118.23900402511542"", ""lat"": ""34.13973013249885""}, {""lon"": ""-118.23911908971253"", ""lat"": ""34.139880572755644""}, {""lon"": ""-118.23919630832182"", ""lat"": ""34.14004689638055""}, {""lon"": ""-118.23923266213176"", ""lat"": ""34.1402226015441""}, {""lon"": ""-118.23925782292625"", ""lat"": ""34.1405153203978""}, {""lon"": ""-118.23926043551388"", ""lat"": ""34.1405647745112""}, {""lon"": ""-118.23926295517488"", ""lat"": ""34.14069215208619""}, {""lon"": ""-118.23926201776602"", ""lat"": ""34.14074729005536""}, {""lon"": ""-118.23923243053262"", ""lat"": ""34.141297080321806""}, {""lon"": ""-118.23920245234993"", ""lat"": ""34.14147104149783""}, {""lon"": ""-118.2391324623766"", ""lat"": ""34.14163686417091""}, {""lon"": ""-118.23902511879375"", ""lat"": ""34.14178824995087""}, {""lon"": ""-118.23888449863234"", ""lat"": ""34.14191944876673""}, {""lon"": ""-118.23871594293705"", ""lat"": ""34.14202547728107""}, {""lon"": ""-118.23852585390651"", ""lat"": ""34.142102308184""}, {""lon"": ""-118.2383214517135"", ""lat"": ""34.142147023174914""}, {""lon"": ""-118.2381105002435"", ""lat"": ""34.14215792381908""}, {""lon"": ""-118.2379010121718"", ""lat"": ""34.142134596066455""}, {""lon"": ""-118.237227653061"", ""lat"": ""34.14200306786799""}, {""lon"": ""-118.23701650307865"", ""lat"": ""34.14194215281152""}, {""lon"": ""-118.23682485518832"", ""lat"": ""34.14184654226357""}, {""lon"": ""-118.2366608490306"", ""lat"": ""34.14172029701227""}, {""lon"": ""-118.23653145015578"", ""lat"": ""34.14156877895137""}, {""lon"": ""-118.23644215418419"", ""lat"": ""34.14139842333448""}, {""lon"": ""-118.23639675341643"", ""lat"": ""34.14121646544325""}, {""lon"": ""-118.23639717580336"", ""lat"": ""34.1410306332813""}, {""lon"": ""-118.23649840041561"", ""lat"": ""34.14023287745703""}, {""lon"": ""-118.23654161570747"", ""lat"": ""34.14005896262014""}, {""lon"": ""-118.2366249850567"", ""lat"": ""34.1398954628321""}, {""lon"": ""-118.23674527469262"", ""lat"": ""34.13974871956608""}, {""lon"": ""-118.23689781892865"", ""lat"": ""34.13962442434795""}, {""lon"": ""-118.23707670114243"", ""lat"": ""34.13952739801814""}, {""lon"": ""-118.23727498325977"", ""lat"": ""34.13946140376568""}, {""lon"": ""-118.23748497484146"", ""lat"": ""34.13942900118342""}, {""lon"": ""-118.23805902587183"", ""lat"": ""34.139388398272295""}]",2026-08-27T17:59:49Z
glendale,D172379,7,9,29,08/26 09:28 pm,2026-08-27T04:28:00Z,Aug 27 2026 07:32 am,2026-08-27T14:32:00Z,13 hr 31 min,811,,,,34.141483783850944,-118.23788023909542,37,"[{""lon"": ""-118.23654305364101"", ""lat"": ""34.141125400798764""}, {""lon"": ""-118.2365924716035"", ""lat"": ""34.140950128746084""}, {""lon"": ""-118.23668277820222"", ""lat"": ""34.140786512003075""}, {""lon"": ""-118.23681037384877"", ""lat"": ""34.1406410718651""}, {""lon"": ""-118.23697017279383"", ""lat"": ""34.14051960512757""}, {""lon"": ""-118.23715580584742"", ""lat"": ""34.14042695305582""}, {""lon"": ""-118.23735987423676"", ""lat"": ""34.14036680844122""}, {""lon"": ""-118.23757424448505"", ""lat"": ""34.140341568431154""}, {""lon"": ""-118.23779037255979"", ""lat"": ""34.140352238996094""}, {""lon"": ""-118.23799964437742"", ""lat"": ""34.14039839483984""}, {""lon"": ""-118.23854273532388"", ""lat"": ""34.140567990122165""}, {""lon"": ""-118.23874638295622"", ""lat"": ""34.140652830255966""}, {""lon"": ""-118.23892422668311"", ""lat"": ""34.14077116737902""}, {""lon"": ""-118.23906842099748"", ""lat"": ""34.14091778116794""}, {""lon"": ""-118.23917260470652"", ""lat"": ""34.14108620387635""}, {""lon"": ""-118.23923218156547"", ""lat"": ""34.141269005637625""}, {""lon"": ""-118.23925853147432"", ""lat"": ""34.14140527101127""}, {""lon"": ""-118.23927155847726"", ""lat"": ""34.14158137969227""}, {""lon"": ""-118.23924309124634"", ""lat"": ""34.14175622629169""}, {""lon"": ""-118.23917421946119"", ""lat"": ""34.14192311642399""}, {""lon"": ""-118.23906757981533"", ""lat"": ""34.14207566029616""}, {""lon"": ""-118.23892725509602"", ""lat"": ""34.14220801736309""}, {""lon"": ""-118.23838239813124"", ""lat"": ""34.14263030328244""}, {""lon"": ""-118.23820683136799"", ""lat"": ""34.142740941262886""}, {""lon"": ""-118.23800799681457"", ""lat"": ""34.142819797472725""}, {""lon"": ""-118.23779409885584"", ""lat"": ""34.142863618091944""}, {""lon"": ""-118.23757396349053"", ""lat"": ""34.14287059495638""}, {""lon"": ""-118.23735667411681"", ""lat"": ""34.14284044017502""}, {""lon"": ""-118.23715119669141"", ""lat"": ""34.142774398011326""}, {""lon"": ""-118.23696600973643"", ""lat"": ""34.14267519353776""}, {""lon"": ""-118.23680875446765"", ""lat"": ""34.14254692018326""}, {""lon"": ""-118.23668591948616"", ""lat"": ""34.14239487081521""}, {""lon"": ""-118.2365740829287"", ""lat"": ""34.14222042816957""}, {""lon"": ""-118.23648976310787"", ""lat"": ""34.14204810953359""}, {""lon"": ""-118.2364497667965"", ""lat"": ""34.141865071058696""}, {""lon"": ""-118.23645579611052"", ""lat"": ""34.14167910359264""}, {""lon"": ""-118.23654305364101"", ""lat"": ""34.141125400798764""}]",2026-08-27T17:59:49Z
glendale,D172378,7,9,49,08/26 09:32 pm,2026-08-27T04:32:00Z,Aug 27 2026 07:32 am,2026-08-27T14:32:00Z,13 hr 40 min,820,,,,34.140935835154295,-118.23787769833162,40,"[{""lon"": ""-118.23805902587183"", ""lat"": ""34.139388398272295""}, {""lon"": ""-118.23827342084543"", ""lat"": ""34.13939092207456""}, {""lon"": ""-118.23848302821702"", ""lat"": ""34.13942847019852""}, {""lon"": ""-118.23867965427877"", ""lat"": ""34.1394995748558""}, {""lon"": ""-118.23885561272893"", ""lat"": ""34.13960145650525""}, {""lon"": ""-118.23900402511542"", ""lat"": ""34.13973013249885""}, {""lon"": ""-118.23911908971253"", ""lat"": ""34.139880572755644""}, {""lon"": ""-118.23919630832182"", ""lat"": ""34.14004689638055""}, {""lon"": ""-118.23923266213176"", ""lat"": ""34.1402226015441""}, {""lon"": ""-118.23925782292625"", ""lat"": ""34.1405153203978""}, {""lon"": ""-118.23926043551388"", ""lat"": ""34.1405647745112""}, {""lon"": ""-118.23926295517488"", ""lat"": ""34.14069215208619""}, {""lon"": ""-118.23926201776602"", ""lat"": ""34.14074729005536""}, {""lon"": ""-118.23923243053262"", ""lat"": ""34.141297080321806""}, {""lon"": ""-118.23920245234993"", ""lat"": ""34.14147104149783""}, {""lon"": ""-118.2391324623766"", ""lat"": ""34.14163686417091""}, {""lon"": ""-118.23902511879375"", ""lat"": ""34.14178824995087""}, {""lon"": ""-118.23888449863234"", ""lat"": ""34.14191944876673""}, {""lon"": ""-118.23871594293705"", ""lat"": ""34.14202547728107""}, {""lon"": ""-118.23852585390651"", ""lat"": ""34.142102308184""}, {""lon"": ""-118.2383214517135"", ""lat"": ""34.142147023174914""}, {""lon"": ""-118.2381105002435"", ""lat"": ""34.14215792381908""}, {""lon"": ""-118.2379010121718"", ""lat"": ""34.142134596066455""}, {""lon"": ""-118.237227653061"", ""lat"": ""34.14200306786799""}, {""lon"": ""-118.23701650307865"", ""lat"": ""34.14194215281152""}, {""lon"": ""-118.23682485518832"", ""lat"": ""34.14184654226357""}, {""lon"": ""-118.2366608490306"", ""lat"": ""34.14172029701227""}, {""lon"": ""-118.23653145015578"", ""lat"": ""34.14156877895137""}, {""lon"": ""-118.23644215418419"", ""lat"": ""34.14139842333448""}, {""lon"": ""-118.23639675341643"", ""lat"": ""34.14121646544325""}, {""lon"": ""-118.23639717580336"", ""lat"": ""34.1410306332813""}, {""lon"": ""-118.23649840041561"", ""lat"": ""34.14023287745703""}, {""lon"": ""-118.23654161570747"", ""lat"": ""34.14005896262014""}, {""lon"": ""-118.2366249850567"", ""lat"": ""34.1398954628321""}, {""lon"": ""-118.23674527469262"", ""lat"": ""34.13974871956608""}, {""lon"": ""-118.23689781892865"", ""lat"": ""34.13962442434795""}, {""lon"": ""-118.23707670114243"", ""lat"": ""34.13952739801814""}, {""lon"": ""-118.23727498325977"", ""lat"": ""34.13946140376568""}, {""lon"": ""-118.23748497484146"", ""lat"": ""34.13942900118342""}, {""lon"": ""-118.23805902587183"", ""lat"": ""34.139388398272295""}]",2026-08-27T18:14:50Z
glendale,D172379,7,9,29,08/26 09:28 pm,2026-08-27T04:28:00Z,Aug 27 2026 07:32 am,2026-08-27T14:32:00Z,13 hr 45 min,825,,,,34.141483783850944,-118.23788023909542,37,"[{""lon"": ""-118.23654305364101"", ""lat"": ""34.141125400798764""}, {""lon"": ""-118.2365924716035"", ""lat"": ""34.140950128746084""}, {""lon"": ""-118.23668277820222"", ""lat"": ""34.140786512003075""}, {""lon"": ""-118.23681037384877"", ""lat"": ""34.1406410718651""}, {""lon"": ""-118.23697017279383"", ""lat"": ""34.14051960512757""}, {""lon"": ""-118.23715580584742"", ""lat"": ""34.14042695305582""}, {""lon"": ""-118.23735987423676"", ""lat"": ""34.14036680844122""}, {""lon"": ""-118.23757424448505"", ""lat"": ""34.140341568431154""}, {""lon"": ""-118.23779037255979"", ""lat"": ""34.140352238996094""}, {""lon"": ""-118.23799964437742"", ""lat"": ""34.14039839483984""}, {""lon"": ""-118.23854273532388"", ""lat"": ""34.140567990122165""}, {""lon"": ""-118.23874638295622"", ""lat"": ""34.140652830255966""}, {""lon"": ""-118.23892422668311"", ""lat"": ""34.14077116737902""}, {""lon"": ""-118.23906842099748"", ""lat"": ""34.14091778116794""}, {""lon"": ""-118.23917260470652"", ""lat"": ""34.14108620387635""}, {""lon"": ""-118.23923218156547"", ""lat"": ""34.141269005637625""}, {""lon"": ""-118.23925853147432"", ""lat"": ""34.14140527101127""}, {""lon"": ""-118.23927155847726"", ""lat"": ""34.14158137969227""}, {""lon"": ""-118.23924309124634"", ""lat"": ""34.14175622629169""}, {""lon"": ""-118.23917421946119"", ""lat"": ""34.14192311642399""}, {""lon"": ""-118.23906757981533"", ""lat"": ""34.14207566029616""}, {""lon"": ""-118.23892725509602"", ""lat"": ""34.14220801736309""}, {""lon"": ""-118.23838239813124"", ""lat"": ""34.14263030328244""}, {""lon"": ""-118.23820683136799"", ""lat"": ""34.142740941262886""}, {""lon"": ""-118.23800799681457"", ""lat"": ""34.142819797472725""}, {""lon"": ""-118.23779409885584"", ""lat"": ""34.142863618091944""}, {""lon"": ""-118.23757396349053"", ""lat"": ""34.14287059495638""}, {""lon"": ""-118.23735667411681"", ""lat"": ""34.14284044017502""}, {""lon"": ""-118.23715119669141"", ""lat"": ""34.142774398011326""}, {""lon"": ""-118.23696600973643"", ""lat"": ""34.14267519353776""}, {""lon"": ""-118.23680875446765"", ""lat"": ""34.14254692018326""}, {""lon"": ""-118.23668591948616"", ""lat"": ""34.14239487081521""}, {""lon"": ""-118.2365740829287"", ""lat"": ""34.14222042816957""}, {""lon"": ""-118.23648976310787"", ""lat"": ""34.14204810953359""}, {""lon"": ""-118.2364497667965"", ""lat"": ""34.141865071058696""}, {""lon"": ""-118.23645579611052"", ""lat"": ""34.14167910359264""}, {""lon"": ""-118.23654305364101"", ""lat"": ""34.141125400798764""}]",2026-08-27T18:14:50Z
glendale,D172378,7,9,49,08/26 09:32 pm,2026-08-27T04:32:00Z,Aug 27 2026 07:32 am,2026-08-27T14:32:00Z,13 hr 57 min,837,,,,34.140935835154295,-118.23787769833162,40,"[{""lon"": ""-118.23805902587183"", ""lat"": ""34.139388398272295""}, {""lon"": ""-118.23827342084543"", ""lat"": ""34.13939092207456""}, {""lon"": ""-118.23848302821702"", ""lat"": ""34.13942847019852""}, {""lon"": ""-118.23867965427877"", ""lat"": ""34.1394995748558""}, {""lon"": ""-118.23885561272893"", ""lat"": ""34.13960145650525""}, {""lon"": ""-118.23900402511542"", ""lat"": ""34.13973013249885""}, {""lon"": ""-118.23911908971253"", ""lat"": ""34.139880572755644""}, {""lon"": ""-118.23919630832182"", ""lat"": ""34.14004689638055""}, {""lon"": ""-118.23923266213176"", ""lat"": ""34.1402226015441""}, {""lon"": ""-118.23925782292625"", ""lat"": ""34.1405153203978""}, {""lon"": ""-118.23926043551388"", ""lat"": ""34.1405647745112""}, {""lon"": ""-118.23926295517488"", ""lat"": ""34.14069215208619""}, {""lon"": ""-118.23926201776602"", ""lat"": ""34.14074729005536""}, {""lon"": ""-118.23923243053262"", ""lat"": ""34.141297080321806""}, {""lon"": ""-118.23920245234993"", ""lat"": ""34.14147104149783""}, {""lon"": ""-118.2391324623766"", ""lat"": ""34.14163686417091""}, {""lon"": ""-118.23902511879375"", ""lat"": ""34.14178824995087""}, {""lon"": ""-118.23888449863234"", ""lat"": ""34.14191944876673""}, {""lon"": ""-118.23871594293705"", ""lat"": ""34.14202547728107""}, {""lon"": ""-118.23852585390651"", ""lat"": ""34.142102308184""}, {""lon"": ""-118.2383214517135"", ""lat"": ""34.142147023174914""}, {""lon"": ""-118.2381105002435"", ""lat"": ""34.14215792381908""}, {""lon"": ""-118.2379010121718"", ""lat"": ""34.142134596066455""}, {""lon"": ""-118.237227653061"", ""lat"": ""34.14200306786799""}, {""lon"": ""-118.23701650307865"", ""lat"": ""34.14194215281152""}, {""lon"": ""-118.23682485518832"", ""lat"": ""34.14184654226357""}, {""lon"": ""-118.2366608490306"", ""lat"": ""34.14172029701227""}, {""lon"": ""-118.23653145015578"", ""lat"": ""34.14156877895137""}, {""lon"": ""-118.23644215418419"", ""lat"": ""34.14139842333448""}, {""lon"": ""-118.23639675341643"", ""lat"": ""34.14121646544325""}, {""lon"": ""-118.23639717580336"", ""lat"": ""34.1410306332813""}, {""lon"": ""-118.23649840041561"", ""lat"": ""34.14023287745703""}, {""lon"": ""-118.23654161570747"", ""lat"": ""34.14005896262014""}, {""lon"": ""-118.2366249850567"", ""lat"": ""34.1398954628321""}, {""lon"": ""-118.23674527469262"", ""lat"": ""34.13974871956608""}, {""lon"": ""-118.23689781892865"", ""lat"": ""34.13962442434795""}, {""lon"": ""-118.23707670114243"", ""lat"": ""34.13952739801814""}, {""lon"": ""-118.23727498325977"", ""lat"": ""34.13946140376568""}, {""lon"": ""-118.23748497484146"", ""lat"": ""34.13942900118342""}, {""lon"": ""-118.23805902587183"", ""lat"": ""34.139388398272295""}]",2026-08-27T18:29:49Z
glendale,D172379,7,9,29,08/26 09:28 pm,2026-08-27T04:28:00Z,Aug 27 2026 07:32 am,2026-08-27T14:32:00Z,14 hr 01 min,841,,,,34.141483783850944,-118.23788023909542,37,"[{""lon"": ""-118.23654305364101"", ""lat"": ""34.141125400798764""}, {""lon"": ""-118.2365924716035"", ""lat"": ""34.140950128746084""}, {""lon"": ""-118.23668277820222"", ""lat"": ""34.140786512003075""}, {""lon"": ""-118.23681037384877"", ""lat"": ""34.1406410718651""}, {""lon"": ""-118.23697017279383"", ""lat"": ""34.14051960512757""}, {""lon"": ""-118.23715580584742"", ""lat"": ""34.14042695305582""}, {""lon"": ""-118.23735987423676"", ""lat"": ""34.14036680844122""}, {""lon"": ""-118.23757424448505"", ""lat"": ""34.140341568431154""}, {""lon"": ""-118.23779037255979"", ""lat"": ""34.140352238996094""}, {""lon"": ""-118.23799964437742"", ""lat"": ""34.14039839483984""}, {""lon"": ""-118.23854273532388"", ""lat"": ""34.140567990122165""}, {""lon"": ""-118.23874638295622"", ""lat"": ""34.140652830255966""}, {""lon"": ""-118.23892422668311"", ""lat"": ""34.14077116737902""}, {""lon"": ""-118.23906842099748"", ""lat"": ""34.14091778116794""}, {""lon"": ""-118.23917260470652"", ""lat"": ""34.14108620387635""}, {""lon"": ""-118.23923218156547"", ""lat"": ""34.141269005637625""}, {""lon"": ""-118.23925853147432"", ""lat"": ""34.14140527101127""}, {""lon"": ""-118.23927155847726"", ""lat"": ""34.14158137969227""}, {""lon"": ""-118.23924309124634"", ""lat"": ""34.14175622629169""}, {""lon"": ""-118.23917421946119"", ""lat"": ""34.14192311642399""}, {""lon"": ""-118.23906757981533"", ""lat"": ""34.14207566029616""}, {""lon"": ""-118.23892725509602"", ""lat"": ""34.14220801736309""}, {""lon"": ""-118.23838239813124"", ""lat"": ""34.14263030328244""}, {""lon"": ""-118.23820683136799"", ""lat"": ""34.142740941262886""}, {""lon"": ""-118.23800799681457"", ""lat"": ""34.142819797472725""}, {""lon"": ""-118.23779409885584"", ""lat"": ""34.142863618091944""}, {""lon"": ""-118.23757396349053"", ""lat"": ""34.14287059495638""}, {""lon"": ""-118.23735667411681"", ""lat"": ""34.14284044017502""}, {""lon"": ""-118.23715119669141"", ""lat"": ""34.142774398011326""}, {""lon"": ""-118.23696600973643"", ""lat"": ""34.14267519353776""}, {""lon"": ""-118.23680875446765"", ""lat"": ""34.14254692018326""}, {""lon"": ""-118.23668591948616"", ""lat"": ""34.14239487081521""}, {""lon"": ""-118.2365740829287"", ""lat"": ""34.14222042816957""}, {""lon"": ""-118.23648976310787"", ""lat"": ""34.14204810953359""}, {""lon"": ""-118.2364497667965"", ""lat"": ""34.141865071058696""}, {""lon"": ""-118.23645579611052"", ""lat"": ""34.14167910359264""}, {""lon"": ""-118.23654305364101"", ""lat"": ""34.141125400798764""}]",2026-08-27T18:29:49Z
glendale,D172378,7,9,49,08/26 09:32 pm,2026-08-27T04:32:00Z,Aug 27 2026 07:32 am,2026-08-27T14:32:00Z,14 hr 12 min,852,,,,34.140935835154295,-118.23787769833162,40,"[{""lon"": ""-118.23805902587183"", ""lat"": ""34.139388398272295""}, {""lon"": ""-118.23827342084543"", ""lat"": ""34.13939092207456""}, {""lon"": ""-118.23848302821702"", ""lat"": ""34.13942847019852""}, {""lon"": ""-118.23867965427877"", ""lat"": ""34.1394995748558""}, {""lon"": ""-118.23885561272893"", ""lat"": ""34.13960145650525""}, {""lon"": ""-118.23900402511542"", ""lat"": ""34.13973013249885""}, {""lon"": ""-118.23911908971253"", ""lat"": ""34.139880572755644""}, {""lon"": ""-118.23919630832182"", ""lat"": ""34.14004689638055""}, {""lon"": ""-118.23923266213176"", ""lat"": ""34.1402226015441""}, {""lon"": ""-118.23925782292625"", ""lat"": ""34.1405153203978""}, {""lon"": ""-118.23926043551388"", ""lat"": ""34.1405647745112""}, {""lon"": ""-118.23926295517488"", ""lat"": ""34.14069215208619""}, {""lon"": ""-118.23926201776602"", ""lat"": ""34.14074729005536""}, {""lon"": ""-118.23923243053262"", ""lat"": ""34.141297080321806""}, {""lon"": ""-118.23920245234993"", ""lat"": ""34.14147104149783""}, {""lon"": ""-118.2391324623766"", ""lat"": ""34.14163686417091""}, {""lon"": ""-118.23902511879375"", ""lat"": ""34.14178824995087""}, {""lon"": ""-118.23888449863234"", ""lat"": ""34.14191944876673""}, {""lon"": ""-118.23871594293705"", ""lat"": ""34.14202547728107""}, {""lon"": ""-118.23852585390651"", ""lat"": ""34.142102308184""}, {""lon"": ""-118.2383214517135"", ""lat"": ""34.142147023174914""}, {""lon"": ""-118.2381105002435"", ""lat"": ""34.14215792381908""}, {""lon"": ""-118.2379010121718"", ""lat"": ""34.142134596066455""}, {""lon"": ""-118.237227653061"", ""lat"": ""34.14200306786799""}, {""lon"": ""-118.23701650307865"", ""lat"": ""34.14194215281152""}, {""lon"": ""-118.23682485518832"", ""lat"": ""34.14184654226357""}, {""lon"": ""-118.2366608490306"", ""lat"": ""34.14172029701227""}, {""lon"": ""-118.23653145015578"", ""lat"": ""34.14156877895137""}, {""lon"": ""-118.23644215418419"", ""lat"": ""34.14139842333448""}, {""lon"": ""-118.23639675341643"", ""lat"": ""34.14121646544325""}, {""lon"": ""-118.23639717580336"", ""lat"": ""34.1410306332813""}, {""lon"": ""-118.23649840041561"", ""lat"": ""34.14023287745703""}, {""lon"": ""-118.23654161570747"", ""lat"": ""34.14005896262014""}, {""lon"": ""-118.2366249850567"", ""lat"": ""34.1398954628321""}, {""lon"": ""-118.23674527469262"", ""lat"": ""34.13974871956608""}, {""lon"": ""-118.23689781892865"", ""lat"": ""34.13962442434795""}, {""lon"": ""-118.23707670114243"", ""lat"": ""34.13952739801814""}, {""lon"": ""-118.23727498325977"", ""lat"": ""34.13946140376568""}, {""lon"": ""-118.23748497484146"", ""lat"": ""34.13942900118342""}, {""lon"": ""-118.23805902587183"", ""lat"": ""34.139388398272295""}]",2026-08-27T18:44:51Z
glendale,D172379,7,9,29,08/26 09:28 pm,2026-08-27T04:28:00Z,Aug 27 2026 07:32 am,2026-08-27T14:32:00Z,14 hr 16 min,856,,,,34.141483783850944,-118.23788023909542,37,"[{""lon"": ""-118.23654305364101"", ""lat"": ""34.141125400798764""}, {""lon"": ""-118.2365924716035"", ""lat"": ""34.140950128746084""}, {""lon"": ""-118.23668277820222"", ""lat"": ""34.140786512003075""}, {""lon"": ""-118.23681037384877"", ""lat"": ""34.1406410718651""}, {""lon"": ""-118.23697017279383"", ""lat"": ""34.14051960512757""}, {""lon"": ""-118.23715580584742"", ""lat"": ""34.14042695305582""}, {""lon"": ""-118.23735987423676"", ""lat"": ""34.14036680844122""}, {""lon"": ""-118.23757424448505"", ""lat"": ""34.140341568431154""}, {""lon"": ""-118.23779037255979"", ""lat"": ""34.140352238996094""}, {""lon"": ""-118.23799964437742"", ""lat"": ""34.14039839483984""}, {""lon"": ""-118.23854273532388"", ""lat"": ""34.140567990122165""}, {""lon"": ""-118.23874638295622"", ""lat"": ""34.140652830255966""}, {""lon"": ""-118.23892422668311"", ""lat"": ""34.14077116737902""}, {""lon"": ""-118.23906842099748"", ""lat"": ""34.14091778116794""}, {""lon"": ""-118.23917260470652"", ""lat"": ""34.14108620387635""}, {""lon"": ""-118.23923218156547"", ""lat"": ""34.141269005637625""}, {""lon"": ""-118.23925853147432"", ""lat"": ""34.14140527101127""}, {""lon"": ""-118.23927155847726"", ""lat"": ""34.14158137969227""}, {""lon"": ""-118.23924309124634"", ""lat"": ""34.14175622629169""}, {""lon"": ""-118.23917421946119"", ""lat"": ""34.14192311642399""}, {""lon"": ""-118.23906757981533"", ""lat"": ""34.14207566029616""}, {""lon"": ""-118.23892725509602"", ""lat"": ""34.14220801736309""}, {""lon"": ""-118.23838239813124"", ""lat"": ""34.14263030328244""}, {""lon"": ""-118.23820683136799"", ""lat"": ""34.142740941262886""}, {""lon"": ""-118.23800799681457"", ""lat"": ""34.142819797472725""}, {""lon"": ""-118.23779409885584"", ""lat"": ""34.142863618091944""}, {""lon"": ""-118.23757396349053"", ""lat"": ""34.14287059495638""}, {""lon"": ""-118.23735667411681"", ""lat"": ""34.14284044017502""}, {""lon"": ""-118.23715119669141"", ""lat"": ""34.142774398011326""}, {""lon"": ""-118.23696600973643"", ""lat"": ""34.14267519353776""}, {""lon"": ""-118.23680875446765"", ""lat"": ""34.14254692018326""}, {""lon"": ""-118.23668591948616"", ""lat"": ""34.14239487081521""}, {""lon"": ""-118.2365740829287"", ""lat"": ""34.14222042816957""}, {""lon"": ""-118.23648976310787"", ""lat"": ""34.14204810953359""}, {""lon"": ""-118.2364497667965"", ""lat"": ""34.141865071058696""}, {""lon"": ""-118.23645579611052"", ""lat"": ""34.14167910359264""}, {""lon"": ""-118.23654305364101"", ""lat"": ""34.141125400798764""}]",2026-08-27T18:44:51Z
glendale,D172378,7,9,49,08/26 09:32 pm,2026-08-27T04:32:00Z,Aug 27 2026 07:32 am,2026-08-27T14:32:00Z,14 hr 27 min,867,,,,34.140935835154295,-118.23787769833162,40,"[{""lon"": ""-118.23805902587183"", ""lat"": ""34.139388398272295""}, {""lon"": ""-118.23827342084543"", ""lat"": ""34.13939092207456""}, {""lon"": ""-118.23848302821702"", ""lat"": ""34.13942847019852""}, {""lon"": ""-118.23867965427877"", ""lat"": ""34.1394995748558""}, {""lon"": ""-118.23885561272893"", ""lat"": ""34.13960145650525""}, {""lon"": ""-118.23900402511542"", ""lat"": ""34.13973013249885""}, {""lon"": ""-118.23911908971253"", ""lat"": ""34.139880572755644""}, {""lon"": ""-118.23919630832182"", ""lat"": ""34.14004689638055""}, {""lon"": ""-118.23923266213176"", ""lat"": ""34.1402226015441""}, {""lon"": ""-118.23925782292625"", ""lat"": ""34.1405153203978""}, {""lon"": ""-118.23926043551388"", ""lat"": ""34.1405647745112""}, {""lon"": ""-118.23926295517488"", ""lat"": ""34.14069215208619""}, {""lon"": ""-118.23926201776602"", ""lat"": ""34.14074729005536""}, {""lon"": ""-118.23923243053262"", ""lat"": ""34.141297080321806""}, {""lon"": ""-118.23920245234993"", ""lat"": ""34.14147104149783""}, {""lon"": ""-118.2391324623766"", ""lat"": ""34.14163686417091""}, {""lon"": ""-118.23902511879375"", ""lat"": ""34.14178824995087""}, {""lon"": ""-118.23888449863234"", ""lat"": ""34.14191944876673""}, {""lon"": ""-118.23871594293705"", ""lat"": ""34.14202547728107""}, {""lon"": ""-118.23852585390651"", ""lat"": ""34.142102308184""}, {""lon"": ""-118.2383214517135"", ""lat"": ""34.142147023174914""}, {""lon"": ""-118.2381105002435"", ""lat"": ""34.14215792381908""}, {""lon"": ""-118.2379010121718"", ""lat"": ""34.142134596066455""}, {""lon"": ""-118.237227653061"", ""lat"": ""34.14200306786799""}, {""lon"": ""-118.23701650307865"", ""lat"": ""34.14194215281152""}, {""lon"": ""-118.23682485518832"", ""lat"": ""34.14184654226357""}, {""lon"": ""-118.2366608490306"", ""lat"": ""34.14172029701227""}, {""lon"": ""-118.23653145015578"", ""lat"": ""34.14156877895137""}, {""lon"": ""-118.23644215418419"", ""lat"": ""34.14139842333448""}, {""lon"": ""-118.23639675341643"", ""lat"": ""34.14121646544325""}, {""lon"": ""-118.23639717580336"", ""lat"": ""34.1410306332813""}, {""lon"": ""-118.23649840041561"", ""lat"": ""34.14023287745703""}, {""lon"": ""-118.23654161570747"", ""lat"": ""34.14005896262014""}, {""lon"": ""-118.2366249850567"", ""lat"": ""34.1398954628321""}, {""lon"": ""-118.23674527469262"", ""lat"": ""34.13974871956608""}, {""lon"": ""-118.23689781892865"", ""lat"": ""34.13962442434795""}, {""lon"": ""-118.23707670114243"", ""lat"": ""34.13952739801814""}, {""lon"": ""-118.23727498325977"", ""lat"": ""34.13946140376568""}, {""lon"": ""-118.23748497484146"", ""lat"": ""34.13942900118342""}, {""lon"": ""-118.23805902587183"", ""lat"": ""34.139388398272295""}]",2026-08-27T18:59:50Z
glendale,D172379,7,9,29,08/26 09:28 pm,2026-08-27T04:28:00Z,Aug 27 2026 07:32 am,2026-08-27T14:32:00Z,14 hr 31 min,871,,,,34.141483783850944,-118.23788023909542,37,"[{""lon"": ""-118.23654305364101"", ""lat"": ""34.141125400798764""}, {""lon"": ""-118.2365924716035"", ""lat"": ""34.140950128746084""}, {""lon"": ""-118.23668277820222"", ""lat"": ""34.140786512003075""}, {""lon"": ""-118.23681037384877"", ""lat"": ""34.1406410718651""}, {""lon"": ""-118.23697017279383"", ""lat"": ""34.14051960512757""}, {""lon"": ""-118.23715580584742"", ""lat"": ""34.14042695305582""}, {""lon"": ""-118.23735987423676"", ""lat"": ""34.14036680844122""}, {""lon"": ""-118.23757424448505"", ""lat"": ""34.140341568431154""}, {""lon"": ""-118.23779037255979"", ""lat"": ""34.140352238996094""}, {""lon"": ""-118.23799964437742"", ""lat"": ""34.14039839483984""}, {""lon"": ""-118.23854273532388"", ""lat"": ""34.140567990122165""}, {""lon"": ""-118.23874638295622"", ""lat"": ""34.140652830255966""}, {""lon"": ""-118.23892422668311"", ""lat"": ""34.14077116737902""}, {""lon"": ""-118.23906842099748"", ""lat"": ""34.14091778116794""}, {""lon"": ""-118.23917260470652"", ""lat"": ""34.14108620387635""}, {""lon"": ""-118.23923218156547"", ""lat"": ""34.141269005637625""}, {""lon"": ""-118.23925853147432"", ""lat"": ""34.14140527101127""}, {""lon"": ""-118.23927155847726"", ""lat"": ""34.14158137969227""}, {""lon"": ""-118.23924309124634"", ""lat"": ""34.14175622629169""}, {""lon"": ""-118.23917421946119"", ""lat"": ""34.14192311642399""}, {""lon"": ""-118.23906757981533"", ""lat"": ""34.14207566029616""}, {""lon"": ""-118.23892725509602"", ""lat"": ""34.14220801736309""}, {""lon"": ""-118.23838239813124"", ""lat"": ""34.14263030328244""}, {""lon"": ""-118.23820683136799"", ""lat"": ""34.142740941262886""}, {""lon"": ""-118.23800799681457"", ""lat"": ""34.142819797472725""}, {""lon"": ""-118.23779409885584"", ""lat"": ""34.142863618091944""}, {""lon"": ""-118.23757396349053"", ""lat"": ""34.14287059495638""}, {""lon"": ""-118.23735667411681"", ""lat"": ""34.14284044017502""}, {""lon"": ""-118.23715119669141"", ""lat"": ""34.142774398011326""}, {""lon"": ""-118.23696600973643"", ""lat"": ""34.14267519353776""}, {""lon"": ""-118.23680875446765"", ""lat"": ""34.14254692018326""}, {""lon"": ""-118.23668591948616"", ""lat"": ""34.14239487081521""}, {""lon"": ""-118.2365740829287"", ""lat"": ""34.14222042816957""}, {""lon"": ""-118.23648976310787"", ""lat"": ""34.14204810953359""}, {""lon"": ""-118.2364497667965"", ""lat"": ""34.141865071058696""}, {""lon"": ""-118.23645579611052"", ""lat"": ""34.14167910359264""}, {""lon"": ""-118.23654305364101"", ""lat"": ""34.141125400798764""}]",2026-08-27T18:59:50Z
glendale,D172423,15,4,265,08/28 06:52 pm,2026-08-29T01:52:00Z,Aug 28 2026 09:03 pm,2026-08-29T04:03:00Z,01 hr 29 min,89,,,,34.15152240289823,-118.23966892219347,45,"[{""lon"": ""-118.23933711517564"", ""lat"": ""34.149174874935696""}, {""lon"": ""-118.2395842434319"", ""lat"": ""34.14915852059759""}, {""lon"": ""-118.24049757862923"", ""lat"": ""34.14918518600813""}, {""lon"": ""-118.24069953442836"", ""lat"": ""34.14920698711334""}, {""lon"": ""-118.24089302831149"", ""lat"": ""34.149259791688905""}, {""lon"": ""-118.24107123847162"", ""lat"": ""34.14934173806056""}, {""lon"": ""-118.24173945424894"", ""lat"": ""34.14972117845945""}, {""lon"": ""-118.24193926754948"", ""lat"": ""34.14986755787963""}, {""lon"": ""-118.24223884366293"", ""lat"": ""34.150148449841296""}, {""lon"": ""-118.24237276411505"", ""lat"": ""34.15030481165707""}, {""lon"": ""-118.24246384257626"", ""lat"": ""34.150481197182785""}, {""lon"": ""-118.24250795164353"", ""lat"": ""34.15066961368052""}, {""lon"": ""-118.24252441733903"", ""lat"": ""34.150829164148284""}, {""lon"": ""-118.24252137494494"", ""lat"": ""34.15100862247247""}, {""lon"": ""-118.24247564278119"", ""lat"": ""34.15118402516874""}, {""lon"": ""-118.24238903230834"", ""lat"": ""34.151348423513326""}, {""lon"": ""-118.2422649744657"", ""lat"": ""34.151495304689895""}, {""lon"": ""-118.24210838378195"", ""lat"": ""34.15161884981071""}, {""lon"": ""-118.24192546369846"", ""lat"": ""34.15171416445126""}, {""lon"": ""-118.2406759541687"", ""lat"": ""34.15222906496226""}, {""lon"": ""-118.24040855317821"", ""lat"": ""34.15230509141854""}, {""lon"": ""-118.23964596238149"", ""lat"": ""34.15243285818275""}, {""lon"": ""-118.23944905647379"", ""lat"": ""34.15245051322595""}, {""lon"": ""-118.23895826084825"", ""lat"": ""34.152457044732145""}, {""lon"": ""-118.23873822431362"", ""lat"": ""34.152441276675056""}, {""lon"": ""-118.23786892721687"", ""lat"": ""34.152303802171""}, {""lon"": ""-118.23766698596494"", ""lat"": ""34.15225458898221""}, {""lon"": ""-118.23748027678674"", ""lat"": ""34.15217388202286""}, {""lon"": ""-118.2373158281999"", ""lat"": ""34.15206471945807""}, {""lon"": ""-118.23717983067085"", ""lat"": ""34.151931210636775""}, {""lon"": ""-118.23684852086326"", ""lat"": ""34.15153331884852""}, {""lon"": ""-118.23674769972482"", ""lat"": ""34.15138353390946""}, {""lon"": ""-118.23668284409523"", ""lat"": ""34.15122057975601""}, {""lon"": ""-118.23665630370499"", ""lat"": ""34.15105036077016""}, {""lon"": ""-118.23666903996721"", ""lat"": ""34.150879044528686""}, {""lon"": ""-118.23672059117513"", ""lat"": ""34.150712838329014""}, {""lon"": ""-118.23680908926461"", ""lat"": ""34.15055776428104""}, {""lon"": ""-118.23693132752976"", ""lat"": ""34.150419441113975""}, {""lon"": ""-118.23708287683354"", ""lat"": ""34.15030288060313""}, {""lon"": ""-118.23751516378456"", ""lat"": ""34.15002898262819""}, {""lon"": ""-118.23757455086744"", ""lat"": ""34.14999391161095""}, {""lon"": ""-118.23877122979508"", ""lat"": ""34.14933632515483""}, {""lon"": ""-118.2389579252104"", ""lat"": ""34.14925422595115""}, {""lon"": ""-118.23916021855061"", ""lat"": ""34.14920376507633""}, {""lon"": ""-118.23933711517564"", ""lat"": ""34.149174874935696""}]",2026-08-29T03:22:05Z
glendale,D172426,10,5,33,08/28 07:23 pm,2026-08-29T02:23:00Z,Aug 28 2026 09:23 pm,2026-08-29T04:23:00Z,00 hr 58 min,58,Load Balance Overload Issue,,OH Equipment-Transformer,34.154439926056114,-118.26633995823573,37,"[{""lon"": ""-118.2665866778299"", ""lat"": ""34.153239749197354""}, {""lon"": ""-118.26679239699129"", ""lat"": ""34.15324169969525""}, {""lon"": ""-118.26699397253735"", ""lat"": ""34.15327590875279""}, {""lon"": ""-118.26718415232955"", ""lat"": ""34.153341145617226""}, {""lon"": ""-118.26735609418276"", ""lat"": ""34.153435063237545""}, {""lon"": ""-118.26750361201161"", ""lat"": ""34.15355428269852""}, {""lon"": ""-118.26762139838162"", ""lat"": ""34.153694514776255""}, {""lon"": ""-118.26770521546004"", ""lat"": ""34.15385071424389""}, {""lon"": ""-118.26775204749666"", ""lat"": ""34.154017261377355""}, {""lon"": ""-118.26776020934696"", ""lat"": ""34.15418816413337""}, {""lon"": ""-118.2677294071301"", ""lat"": ""34.15435727372633""}, {""lon"": ""-118.26755270985348"", ""lat"": ""34.15494414109835""}, {""lon"": ""-118.26747913144101"", ""lat"": ""34.15511404766804""}, {""lon"": ""-118.26736630444154"", ""lat"": ""34.15526835867387""}, {""lon"": ""-118.26721875374788"", ""lat"": ""34.15540088524226""}, {""lon"": ""-118.26704239698056"", ""lat"": ""34.15550631216879""}, {""lon"": ""-118.26684430716094"", ""lat"": ""34.15558041110687""}, {""lon"": ""-118.26663242902903"", ""lat"": ""34.15562021016634""}, {""lon"": ""-118.26641526038473"", ""lat"": ""34.15562411311764""}, {""lon"": ""-118.26567079352999"", ""lat"": ""34.15557531087811""}, {""lon"": ""-118.26545392371244"", ""lat"": ""34.15554241154584""}, {""lon"": ""-118.26524953497045"", ""lat"": ""34.155473737894184""}, {""lon"": ""-118.26506607042451"", ""lat"": ""34.155372126777685""}, {""lon"": ""-118.26491110876283"", ""lat"": ""34.15524177566364""}, {""lon"": ""-118.26479105116127"", ""lat"": ""34.15508806922555""}, {""lon"": ""-118.26471085686207"", ""lat"": ""34.15491735689333""}, {""lon"": ""-118.26467383833483"", ""lat"": ""34.154736690552575""}, {""lon"": ""-118.26468152447816"", ""lat"": ""34.15455353323091""}, {""lon"": ""-118.26473359750729"", ""lat"": ""34.15437545080711""}, {""lon"": ""-118.26494158308716"", ""lat"": ""34.15388705595554""}, {""lon"": ""-118.2650289845482"", ""lat"": ""34.15373103421873""}, {""lon"": ""-118.26515045118889"", ""lat"": ""34.15359166010729""}, {""lon"": ""-118.26530155769208"", ""lat"": ""34.153474011167944""}, {""lon"": ""-118.26547679899853"", ""lat"": ""34.15338237345562""}, {""lon"": ""-118.26566979086441"", ""lat"": ""34.15332008539912""}, {""lon"": ""-118.2658735024363"", ""lat"": ""34.15328941618953""}, {""lon"": ""-118.2665866778299"", ""lat"": ""34.153239749197354""}]",2026-08-29T03:22:05Z
glendale,D172427,10,5,33,08/28 07:26 pm,2026-08-29T02:26:00Z,Aug 28 2026 09:26 pm,2026-08-29T04:26:00Z,00 hr 55 min,55,Load Balance Overload Issue,,OH Equipment-Transformer,34.15443705636907,-118.2651827510642,40,"[{""lon"": ""-118.26353774846672"", ""lat"": ""34.154746219803144""}, {""lon"": ""-118.26340751363188"", ""lat"": ""34.15460410807105""}, {""lon"": ""-118.26331353734206"", ""lat"": ""34.154443439654706""}, {""lon"": ""-118.26325950848366"", ""lat"": ""34.15427052168973""}, {""lon"": ""-118.26324754773484"", ""lat"": ""34.15409214213739""}, {""lon"": ""-118.26327812435362"", ""lat"": ""34.153915303313845""}, {""lon"": ""-118.2633500377977"", ""lat"": ""34.15374694701115""}, {""lon"": ""-118.26346046489175"", ""lat"": ""34.15359368200065""}, {""lon"": ""-118.26360507068365"", ""lat"": ""34.15346152461523""}, {""lon"": ""-118.26377817863379"", ""lat"": ""34.153355662592396""}, {""lon"": ""-118.26397299345282"", ""lat"": ""34.153280251445935""}, {""lon"": ""-118.26418186783982"", ""lat"": ""34.153238251357415""}, {""lon"": ""-118.26439660265214"", ""lat"": ""34.15323131098763""}, {""lon"": ""-118.26548504950829"", ""lat"": ""34.15328599965864""}, {""lon"": ""-118.26551224818493"", ""lat"": ""34.153287651667746""}, {""lon"": ""-118.26570818482766"", ""lat"": ""34.153301613220954""}, {""lon"": ""-118.2658674835798"", ""lat"": ""34.15332297882211""}, {""lon"": ""-118.26602120697973"", ""lat"": ""34.15336375516538""}, {""lon"": ""-118.2661898058227"", ""lat"": ""34.153420277289015""}, {""lon"": ""-118.26637758989071"", ""lat"": ""34.15350177335114""}, {""lon"": ""-118.26654273958478"", ""lat"": ""34.15361205879573""}, {""lon"": ""-118.26667895571235"", ""lat"": ""34.1537469271392""}, {""lon"": ""-118.2667810425865"", ""lat"": ""34.15390123424308""}, {""lon"": ""-118.26684510620927"", ""lat"": ""34.15406909450979""}, {""lon"": ""-118.26686870281864"", ""lat"": ""34.154244105361364""}, {""lon"": ""-118.26685093213105"", ""lat"": ""34.154419591441346""}, {""lon"": ""-118.26679247171754"", ""lat"": ""34.15458885922649""}, {""lon"": ""-118.26660296732227"", ""lat"": ""34.154986281211656""}, {""lon"": ""-118.2665083899614"", ""lat"": ""34.15513984092838""}, {""lon"": ""-118.26638036548192"", ""lat"": ""34.15527561617776""}, {""lon"": ""-118.26622358004616"", ""lat"": ""34.15538863693055""}, {""lon"": ""-118.26604377267681"", ""lat"": ""34.155474766062305""}, {""lon"": ""-118.26584752518114"", ""lat"": ""34.155530850803345""}, {""lon"": ""-118.26564202121313"", ""lat"": ""34.155554838155915""}, {""lon"": ""-118.2649910023077"", ""lat"": ""34.15557849478261""}, {""lon"": ""-118.2647576054838"", ""lat"": ""34.15556599267387""}, {""lon"": ""-118.26453285849797"", ""lat"": ""34.15551218661708""}, {""lon"": ""-118.26432721110602"", ""lat"": ""34.15541957835711""}, {""lon"": ""-118.26415022494157"", ""lat"": ""34.155292473766615""}, {""lon"": ""-118.26353774846672"", ""lat"": ""34.154746219803144""}]",2026-08-29T03:22:05Z
glendale,D172423,15,4,265,08/28 06:52 pm,2026-08-29T01:52:00Z,Aug 28 2026 09:03 pm,2026-08-29T04:03:00Z,01 hr 47 min,107,,,,34.15152240289823,-118.23966892219347,45,"[{""lon"": ""-118.23933711517564"", ""lat"": ""34.149174874935696""}, {""lon"": ""-118.2395842434319"", ""lat"": ""34.14915852059759""}, {""lon"": ""-118.24049757862923"", ""lat"": ""34.14918518600813""}, {""lon"": ""-118.24069953442836"", ""lat"": ""34.14920698711334""}, {""lon"": ""-118.24089302831149"", ""lat"": ""34.149259791688905""}, {""lon"": ""-118.24107123847162"", ""lat"": ""34.14934173806056""}, {""lon"": ""-118.24173945424894"", ""lat"": ""34.14972117845945""}, {""lon"": ""-118.24193926754948"", ""lat"": ""34.14986755787963""}, {""lon"": ""-118.24223884366293"", ""lat"": ""34.150148449841296""}, {""lon"": ""-118.24237276411505"", ""lat"": ""34.15030481165707""}, {""lon"": ""-118.24246384257626"", ""lat"": ""34.150481197182785""}, {""lon"": ""-118.24250795164353"", ""lat"": ""34.15066961368052""}, {""lon"": ""-118.24252441733903"", ""lat"": ""34.150829164148284""}, {""lon"": ""-118.24252137494494"", ""lat"": ""34.15100862247247""}, {""lon"": ""-118.24247564278119"", ""lat"": ""34.15118402516874""}, {""lon"": ""-118.24238903230834"", ""lat"": ""34.151348423513326""}, {""lon"": ""-118.2422649744657"", ""lat"": ""34.151495304689895""}, {""lon"": ""-118.24210838378195"", ""lat"": ""34.15161884981071""}, {""lon"": ""-118.24192546369846"", ""lat"": ""34.15171416445126""}, {""lon"": ""-118.2406759541687"", ""lat"": ""34.15222906496226""}, {""lon"": ""-118.24040855317821"", ""lat"": ""34.15230509141854""}, {""lon"": ""-118.23964596238149"", ""lat"": ""34.15243285818275""}, {""lon"": ""-118.23944905647379"", ""lat"": ""34.15245051322595""}, {""lon"": ""-118.23895826084825"", ""lat"": ""34.152457044732145""}, {""lon"": ""-118.23873822431362"", ""lat"": ""34.152441276675056""}, {""lon"": ""-118.23786892721687"", ""lat"": ""34.152303802171""}, {""lon"": ""-118.23766698596494"", ""lat"": ""34.15225458898221""}, {""lon"": ""-118.23748027678674"", ""lat"": ""34.15217388202286""}, {""lon"": ""-118.2373158281999"", ""lat"": ""34.15206471945807""}, {""lon"": ""-118.23717983067085"", ""lat"": ""34.151931210636775""}, {""lon"": ""-118.23684852086326"", ""lat"": ""34.15153331884852""}, {""lon"": ""-118.23674769972482"", ""lat"": ""34.15138353390946""}, {""lon"": ""-118.23668284409523"", ""lat"": ""34.15122057975601""}, {""lon"": ""-118.23665630370499"", ""lat"": ""34.15105036077016""}, {""lon"": ""-118.23666903996721"", ""lat"": ""34.150879044528686""}, {""lon"": ""-118.23672059117513"", ""lat"": ""34.150712838329014""}, {""lon"": ""-118.23680908926461"", ""lat"": ""34.15055776428104""}, {""lon"": ""-118.23693132752976"", ""lat"": ""34.150419441113975""}, {""lon"": ""-118.23708287683354"", ""lat"": ""34.15030288060313""}, {""lon"": ""-118.23751516378456"", ""lat"": ""34.15002898262819""}, {""lon"": ""-118.23757455086744"", ""lat"": ""34.14999391161095""}, {""lon"": ""-118.23877122979508"", ""lat"": ""34.14933632515483""}, {""lon"": ""-118.2389579252104"", ""lat"": ""34.14925422595115""}, {""lon"": ""-118.23916021855061"", ""lat"": ""34.14920376507633""}, {""lon"": ""-118.23933711517564"", ""lat"": ""34.149174874935696""}]",2026-08-29T03:39:33Z
glendale,D172426,10,5,33,08/28 07:23 pm,2026-08-29T02:23:00Z,Aug 28 2026 09:23 pm,2026-08-29T04:23:00Z,01 hr 15 min,75,Load Balance Overload Issue,,OH Equipment-Transformer,34.154439926056114,-118.26633995823573,37,"[{""lon"": ""-118.2665866778299"", ""lat"": ""34.153239749197354""}, {""lon"": ""-118.26679239699129"", ""lat"": ""34.15324169969525""}, {""lon"": ""-118.26699397253735"", ""lat"": ""34.15327590875279""}, {""lon"": ""-118.26718415232955"", ""lat"": ""34.153341145617226""}, {""lon"": ""-118.26735609418276"", ""lat"": ""34.153435063237545""}, {""lon"": ""-118.26750361201161"", ""lat"": ""34.15355428269852""}, {""lon"": ""-118.26762139838162"", ""lat"": ""34.153694514776255""}, {""lon"": ""-118.26770521546004"", ""lat"": ""34.15385071424389""}, {""lon"": ""-118.26775204749666"", ""lat"": ""34.154017261377355""}, {""lon"": ""-118.26776020934696"", ""lat"": ""34.15418816413337""}, {""lon"": ""-118.2677294071301"", ""lat"": ""34.15435727372633""}, {""lon"": ""-118.26755270985348"", ""lat"": ""34.15494414109835""}, {""lon"": ""-118.26747913144101"", ""lat"": ""34.15511404766804""}, {""lon"": ""-118.26736630444154"", ""lat"": ""34.15526835867387""}, {""lon"": ""-118.26721875374788"", ""lat"": ""34.15540088524226""}, {""lon"": ""-118.26704239698056"", ""lat"": ""34.15550631216879""}, {""lon"": ""-118.26684430716094"", ""lat"": ""34.15558041110687""}, {""lon"": ""-118.26663242902903"", ""lat"": ""34.15562021016634""}, {""lon"": ""-118.26641526038473"", ""lat"": ""34.15562411311764""}, {""lon"": ""-118.26567079352999"", ""lat"": ""34.15557531087811""}, {""lon"": ""-118.26545392371244"", ""lat"": ""34.15554241154584""}, {""lon"": ""-118.26524953497045"", ""lat"": ""34.155473737894184""}, {""lon"": ""-118.26506607042451"", ""lat"": ""34.155372126777685""}, {""lon"": ""-118.26491110876283"", ""lat"": ""34.15524177566364""}, {""lon"": ""-118.26479105116127"", ""lat"": ""34.15508806922555""}, {""lon"": ""-118.26471085686207"", ""lat"": ""34.15491735689333""}, {""lon"": ""-118.26467383833483"", ""lat"": ""34.154736690552575""}, {""lon"": ""-118.26468152447816"", ""lat"": ""34.15455353323091""}, {""lon"": ""-118.26473359750729"", ""lat"": ""34.15437545080711""}, {""lon"": ""-118.26494158308716"", ""lat"": ""34.15388705595554""}, {""lon"": ""-118.2650289845482"", ""lat"": ""34.15373103421873""}, {""lon"": ""-118.26515045118889"", ""lat"": ""34.15359166010729""}, {""lon"": ""-118.26530155769208"", ""lat"": ""34.153474011167944""}, {""lon"": ""-118.26547679899853"", ""lat"": ""34.15338237345562""}, {""lon"": ""-118.26566979086441"", ""lat"": ""34.15332008539912""}, {""lon"": ""-118.2658735024363"", ""lat"": ""34.15328941618953""}, {""lon"": ""-118.2665866778299"", ""lat"": ""34.153239749197354""}]",2026-08-29T03:39:33Z
glendale,D172427,10,5,33,08/28 07:26 pm,2026-08-29T02:26:00Z,Aug 28 2026 09:26 pm,2026-08-29T04:26:00Z,01 hr 12 min,72,Load Balance Overload Issue,,OH Equipment-Transformer,34.15443705636907,-118.2651827510642,40,"[{""lon"": ""-118.26353774846672"", ""lat"": ""34.154746219803144""}, {""lon"": ""-118.26340751363188"", ""lat"": ""34.15460410807105""}, {""lon"": ""-118.26331353734206"", ""lat"": ""34.154443439654706""}, {""lon"": ""-118.26325950848366"", ""lat"": ""34.15427052168973""}, {""lon"": ""-118.26324754773484"", ""lat"": ""34.15409214213739""}, {""lon"": ""-118.26327812435362"", ""lat"": ""34.153915303313845""}, {""lon"": ""-118.2633500377977"", ""lat"": ""34.15374694701115""}, {""lon"": ""-118.26346046489175"", ""lat"": ""34.15359368200065""}, {""lon"": ""-118.26360507068365"", ""lat"": ""34.15346152461523""}, {""lon"": ""-118.26377817863379"", ""lat"": ""34.153355662592396""}, {""lon"": ""-118.26397299345282"", ""lat"": ""34.153280251445935""}, {""lon"": ""-118.26418186783982"", ""lat"": ""34.153238251357415""}, {""lon"": ""-118.26439660265214"", ""lat"": ""34.15323131098763""}, {""lon"": ""-118.26548504950829"", ""lat"": ""34.15328599965864""}, {""lon"": ""-118.26551224818493"", ""lat"": ""34.153287651667746""}, {""lon"": ""-118.26570818482766"", ""lat"": ""34.153301613220954""}, {""lon"": ""-118.2658674835798"", ""lat"": ""34.15332297882211""}, {""lon"": ""-118.26602120697973"", ""lat"": ""34.15336375516538""}, {""lon"": ""-118.2661898058227"", ""lat"": ""34.153420277289015""}, {""lon"": ""-118.26637758989071"", ""lat"": ""34.15350177335114""}, {""lon"": ""-118.26654273958478"", ""lat"": ""34.15361205879573""}, {""lon"": ""-118.26667895571235"", ""lat"": ""34.1537469271392""}, {""lon"": ""-118.2667810425865"", ""lat"": ""34.15390123424308""}, {""lon"": ""-118.26684510620927"", ""lat"": ""34.15406909450979""}, {""lon"": ""-118.26686870281864"", ""lat"": ""34.154244105361364""}, {""lon"": ""-118.26685093213105"", ""lat"": ""34.154419591441346""}, {""lon"": ""-118.26679247171754"", ""lat"": ""34.15458885922649""}, {""lon"": ""-118.26660296732227"", ""lat"": ""34.154986281211656""}, {""lon"": ""-118.2665083899614"", ""lat"": ""34.15513984092838""}, {""lon"": ""-118.26638036548192"", ""lat"": ""34.15527561617776""}, {""lon"": ""-118.26622358004616"", ""lat"": ""34.15538863693055""}, {""lon"": ""-118.26604377267681"", ""lat"": ""34.155474766062305""}, {""lon"": ""-118.26584752518114"", ""lat"": ""34.155530850803345""}, {""lon"": ""-118.26564202121313"", ""lat"": ""34.155554838155915""}, {""lon"": ""-118.2649910023077"", ""lat"": ""34.15557849478261""}, {""lon"": ""-118.2647576054838"", ""lat"": ""34.15556599267387""}, {""lon"": ""-118.26453285849797"", ""lat"": ""34.15551218661708""}, {""lon"": ""-118.26432721110602"", ""lat"": ""34.15541957835711""}, {""lon"": ""-118.26415022494157"", ""lat"": ""34.155292473766615""}, {""lon"": ""-118.26353774846672"", ""lat"": ""34.154746219803144""}]",2026-08-29T03:39:33Z
glendale,D172423,15,4,265,08/28 06:52 pm,2026-08-29T01:52:00Z,Aug 29 2026 06:45 am,2026-08-29T13:45:00Z,08 hr 36 min,516,,,,34.15152240289823,-118.23966892219347,45,"[{""lon"": ""-118.23933711517564"", ""lat"": ""34.149174874935696""}, {""lon"": ""-118.2395842434319"", ""lat"": ""34.14915852059759""}, {""lon"": ""-118.24049757862923"", ""lat"": ""34.14918518600813""}, {""lon"": ""-118.24069953442836"", ""lat"": ""34.14920698711334""}, {""lon"": ""-118.24089302831149"", ""lat"": ""34.149259791688905""}, {""lon"": ""-118.24107123847162"", ""lat"": ""34.14934173806056""}, {""lon"": ""-118.24173945424894"", ""lat"": ""34.14972117845945""}, {""lon"": ""-118.24193926754948"", ""lat"": ""34.14986755787963""}, {""lon"": ""-118.24223884366293"", ""lat"": ""34.150148449841296""}, {""lon"": ""-118.24237276411505"", ""lat"": ""34.15030481165707""}, {""lon"": ""-118.24246384257626"", ""lat"": ""34.150481197182785""}, {""lon"": ""-118.24250795164353"", ""lat"": ""34.15066961368052""}, {""lon"": ""-118.24252441733903"", ""lat"": ""34.150829164148284""}, {""lon"": ""-118.24252137494494"", ""lat"": ""34.15100862247247""}, {""lon"": ""-118.24247564278119"", ""lat"": ""34.15118402516874""}, {""lon"": ""-118.24238903230834"", ""lat"": ""34.151348423513326""}, {""lon"": ""-118.2422649744657"", ""lat"": ""34.151495304689895""}, {""lon"": ""-118.24210838378195"", ""lat"": ""34.15161884981071""}, {""lon"": ""-118.24192546369846"", ""lat"": ""34.15171416445126""}, {""lon"": ""-118.2406759541687"", ""lat"": ""34.15222906496226""}, {""lon"": ""-118.24040855317821"", ""lat"": ""34.15230509141854""}, {""lon"": ""-118.23964596238149"", ""lat"": ""34.15243285818275""}, {""lon"": ""-118.23944905647379"", ""lat"": ""34.15245051322595""}, {""lon"": ""-118.23895826084825"", ""lat"": ""34.152457044732145""}, {""lon"": ""-118.23873822431362"", ""lat"": ""34.152441276675056""}, {""lon"": ""-118.23786892721687"", ""lat"": ""34.152303802171""}, {""lon"": ""-118.23766698596494"", ""lat"": ""34.15225458898221""}, {""lon"": ""-118.23748027678674"", ""lat"": ""34.15217388202286""}, {""lon"": ""-118.2373158281999"", ""lat"": ""34.15206471945807""}, {""lon"": ""-118.23717983067085"", ""lat"": ""34.151931210636775""}, {""lon"": ""-118.23684852086326"", ""lat"": ""34.15153331884852""}, {""lon"": ""-118.23674769972482"", ""lat"": ""34.15138353390946""}, {""lon"": ""-118.23668284409523"", ""lat"": ""34.15122057975601""}, {""lon"": ""-118.23665630370499"", ""lat"": ""34.15105036077016""}, {""lon"": ""-118.23666903996721"", ""lat"": ""34.150879044528686""}, {""lon"": ""-118.23672059117513"", ""lat"": ""34.150712838329014""}, {""lon"": ""-118.23680908926461"", ""lat"": ""34.15055776428104""}, {""lon"": ""-118.23693132752976"", ""lat"": ""34.150419441113975""}, {""lon"": ""-118.23708287683354"", ""lat"": ""34.15030288060313""}, {""lon"": ""-118.23751516378456"", ""lat"": ""34.15002898262819""}, {""lon"": ""-118.23757455086744"", ""lat"": ""34.14999391161095""}, {""lon"": ""-118.23877122979508"", ""lat"": ""34.14933632515483""}, {""lon"": ""-118.2389579252104"", ""lat"": ""34.14925422595115""}, {""lon"": ""-118.23916021855061"", ""lat"": ""34.14920376507633""}, {""lon"": ""-118.23933711517564"", ""lat"": ""34.149174874935696""}]",2026-08-29T10:28:48Z
glendale,D172434,15,5,9,08/28 05:52 pm,2026-08-29T00:52:00Z,Aug 29 2026 02:49 am,2026-08-29T09:49:00Z,09 hr 36 min,576,,,OH Equipment-Transformer,34.15859545141957,-118.22948922433709,39,"[{""lon"": ""-118.22889476766169"", ""lat"": ""34.15755718804595""}, {""lon"": ""-118.22910458367801"", ""lat"": ""34.15747702931481""}, {""lon"": ""-118.22933005539032"", ""lat"": ""34.15743560709142""}, {""lon"": ""-118.22956096504781"", ""lat"": ""34.15743479850653""}, {""lon"": ""-118.22978684849397"", ""lat"": ""34.15747464019576""}, {""lon"": ""-118.22999746932824"", ""lat"": ""34.15755332664072""}, {""lon"": ""-118.2304213138228"", ""lat"": ""34.15775929748741""}, {""lon"": ""-118.23058071631921"", ""lat"": ""34.15785377063999""}, {""lon"": ""-118.23071709664012"", ""lat"": ""34.15797052323669""}, {""lon"": ""-118.23082601254262"", ""lat"": ""34.158105752440676""}, {""lon"": ""-118.23090391629654"", ""lat"": ""34.158255053581954""}, {""lon"": ""-118.23094827025204"", ""lat"": ""34.15841356361832""}, {""lon"": ""-118.23100090032945"", ""lat"": ""34.15872815350535""}, {""lon"": ""-118.23100748780888"", ""lat"": ""34.15892731184053""}, {""lon"": ""-118.23096130524264"", ""lat"": ""34.15912281149093""}, {""lon"": ""-118.23086760785272"", ""lat"": ""34.159370559567385""}, {""lon"": ""-118.23078799848345"", ""lat"": ""34.15952745101648""}, {""lon"": ""-118.23067432821156"", ""lat"": ""34.15966910395811""}, {""lon"": ""-118.23053065030345"", ""lat"": ""34.15979046711538""}, {""lon"": ""-118.23036208814959"", ""lat"": ""34.15988721271435""}, {""lon"": ""-118.23017465257122"", ""lat"": ""34.15995589082101""}, {""lon"": ""-118.22997502747035"", ""lat"": ""34.15999405237496""}, {""lon"": ""-118.22977033146756"", ""lat"": ""34.16000033653053""}, {""lon"": ""-118.22956786403103"", ""lat"": ""34.15997451918957""}, {""lon"": ""-118.2293748451529"", ""lat"": ""34.15991752099414""}, {""lon"": ""-118.22919815786113"", ""lat"": ""34.15983137449421""}, {""lon"": ""-118.22904410275218"", ""lat"": ""34.15971915166118""}, {""lon"": ""-118.22865645554279"", ""lat"": ""34.159377834859036""}, {""lon"": ""-118.22853746565546"", ""lat"": ""34.159252467959234""}, {""lon"": ""-118.22844694453664"", ""lat"": ""34.159111618166094""}, {""lon"": ""-118.22827369139691"", ""lat"": ""34.158772867435125""}, {""lon"": ""-118.2282081845708"", ""lat"": ""34.15859650261327""}, {""lon"": ""-118.22818724959814"", ""lat"": ""34.15841274423007""}, {""lon"": ""-118.22821176338793"", ""lat"": ""34.15822929194994""}, {""lon"": ""-118.2282806985055"", ""lat"": ""34.158053832562636""}, {""lon"": ""-118.22839116627003"", ""lat"": ""34.157893717903484""}, {""lon"": ""-118.22853853783279"", ""lat"": ""34.15775565681585""}, {""lon"": ""-118.22871663815513"", ""lat"": ""34.15764543406141""}, {""lon"": ""-118.22889476766169"", ""lat"": ""34.15755718804595""}]",2026-08-29T10:28:48Z
