synthetic_id,circuits,communities,customers_out,cause,cause_detail,crew_status,start_utc,etr_utc,n_out,centroid_lat,centroid_lng,geom_point_encoded,geom_polygon_encoded,inc_id_raw,positional_id_raw,tile_quadkey,deployment_guid,retrieved_utc
454|2026-08-12T18:29:24Z,454,NE Escondido/ Dixon Lake/ Daley Ranch,235,Vehicle Contact,A vehicle has come into contact with our electric system and our crews are currently on scene making repairs.,,2026-08-12T18:29:24Z,2026-08-13T16:00:00Z,1,33.15267,-117.06084,ecjiEfmniU,gqiiErfoiUsSoFsDcBaGoFPgYjH_DjCSbB?~MrXz@jW,,7-0,0230132,117e7e46-6596-47e8-b2a5-6249f38f2cb7,2026-08-13T13:41:59Z
325|2026-08-13T04:14:32Z,325,"National City, Paradise Hills/ Skyline/ Bay Terraces",1299,,The cause of the outage is unknown and still under investigation.,,2026-08-13T04:14:32Z,2026-08-13T14:30:00Z,1,32.68561,-117.06343,a|nfEl}niU,{zmfEjgniUcBjMe@~CgTja@mCzE_X~M_IoZwBoKbe@_{@lMShMjCz@rS,,7-1,0230132,117e7e46-6596-47e8-b2a5-6249f38f2cb7,2026-08-13T13:41:59Z
454|2026-08-12T18:29:24Z,454,NE Escondido/ Dixon Lake/ Daley Ranch,235,Vehicle Contact,A vehicle has come into contact with our electric system and our crews are currently on scene making repairs.,,2026-08-12T18:29:24Z,2026-08-13T16:00:00Z,1,33.15267,-117.06084,ecjiEfmniU,gqiiErfoiUsSoFsDcBaGoFPgYjH_DjCSbB?~MrXz@jW,,7-0,0230132,117e7e46-6596-47e8-b2a5-6249f38f2cb7,2026-08-13T13:46:20Z
325|2026-08-13T04:14:32Z,325,"National City, Paradise Hills/ Skyline/ Bay Terraces",1299,,The cause of the outage is unknown and still under investigation.,,2026-08-13T04:14:32Z,2026-08-13T14:30:00Z,1,32.68561,-117.06343,a|nfEl}niU,{zmfEjgniUcBjMe@~CgTja@mCzE_X~M_IoZwBoKbe@_{@lMShMjCz@rS,,7-1,0230132,117e7e46-6596-47e8-b2a5-6249f38f2cb7,2026-08-13T13:46:20Z
454|2026-08-12T18:29:24Z,454,NE Escondido/ Dixon Lake/ Daley Ranch,235,Vehicle Contact,A vehicle has come into contact with our electric system and our crews are currently on scene making repairs.,,2026-08-12T18:29:24Z,2026-08-13T16:00:00Z,1,33.15267,-117.06084,ecjiEfmniU,gqiiErfoiUsSoFsDcBaGoFPgYjH_DjCSbB?~MrXz@jW,,7-0,0230132,3dfe312e-4d3b-4a7a-a249-45e64ea8d7ae,2026-08-13T14:01:17Z
325|2026-08-13T04:14:32Z,325,"National City, Paradise Hills/ Skyline/ Bay Terraces",1299,,The cause of the outage is unknown and still under investigation.,,2026-08-13T04:14:32Z,2026-08-13T14:30:00Z,1,32.68561,-117.06343,a|nfEl}niU,{zmfEjgniUcBjMe@~CgTja@mCzE_X~M_IoZwBoKbe@_{@lMShMjCz@rS,,7-1,0230132,3dfe312e-4d3b-4a7a-a249-45e64ea8d7ae,2026-08-13T14:01:17Z
454|2026-08-12T18:29:24Z,454,NE Escondido/ Dixon Lake/ Daley Ranch,235,Vehicle Contact,A vehicle has come into contact with our electric system and our crews are currently on scene making repairs.,,2026-08-12T18:29:24Z,2026-08-13T16:00:00Z,1,33.15267,-117.06084,ecjiEfmniU,gqiiErfoiUsSoFsDcBaGoFPgYjH_DjCSbB?~MrXz@jW,,7-0,0230132,796997ac-21c2-402b-8055-0e508c93ffee,2026-08-13T14:16:17Z
325|2026-08-13T04:14:32Z,325,"National City, Paradise Hills/ Skyline/ Bay Terraces",1299,,The cause of the outage is unknown and still under investigation.,,2026-08-13T04:14:32Z,2026-08-13T14:30:00Z,1,32.68561,-117.06343,a|nfEl}niU,{zmfEjgniUcBjMe@~CgTja@mCzE_X~M_IoZwBoKbe@_{@lMShMjCz@rS,,7-1,0230132,796997ac-21c2-402b-8055-0e508c93ffee,2026-08-13T14:16:17Z
454|2026-08-12T18:29:24Z,454,NE Escondido/ Dixon Lake/ Daley Ranch,235,Vehicle Contact,A vehicle has come into contact with our electric system and our crews are currently on scene making repairs.,,2026-08-12T18:29:24Z,2026-08-13T16:00:00Z,1,33.15267,-117.06084,ecjiEfmniU,gqiiErfoiUsSoFsDcBaGoFPgYjH_DjCSbB?~MrXz@jW,,7-0,0230132,2784aaa9-2a9e-4dbf-add2-1fb53b968422,2026-08-13T14:31:17Z
325|2026-08-13T04:14:32Z,325,"National City, Paradise Hills/ Skyline/ Bay Terraces",1299,,The cause of the outage is unknown and still under investigation.,,2026-08-13T04:14:32Z,2026-08-13T16:00:00Z,1,32.68561,-117.06343,a|nfEl}niU,{zmfEjgniUcBjMe@~CgTja@mCzE_X~M_IoZwBoKbe@_{@lMShMjCz@rS,,7-1,0230132,2784aaa9-2a9e-4dbf-add2-1fb53b968422,2026-08-13T14:31:17Z
454|2026-08-12T18:29:24Z,454,NE Escondido/ Dixon Lake/ Daley Ranch,235,Vehicle Contact,A vehicle has come into contact with our electric system and our crews are currently on scene making repairs.,,2026-08-12T18:29:24Z,2026-08-13T16:00:00Z,1,33.15267,-117.06084,ecjiEfmniU,gqiiErfoiUsSoFsDcBaGoFPgYjH_DjCSbB?~MrXz@jW,,7-0,0230132,1cf4e880-e25e-408f-8bbd-85a67b154bbe,2026-08-13T14:46:17Z
325|2026-08-13T04:14:32Z,325,"National City, Paradise Hills/ Skyline/ Bay Terraces",1299,,The cause of the outage is unknown and still under investigation.,,2026-08-13T04:14:32Z,2026-08-13T16:00:00Z,1,32.68561,-117.06343,a|nfEl}niU,{zmfEjgniUcBjMe@~CgTja@mCzE_X~M_IoZwBoKbe@_{@lMShMjCz@rS,,7-1,0230132,1cf4e880-e25e-408f-8bbd-85a67b154bbe,2026-08-13T14:46:17Z
454|2026-08-12T18:29:24Z,454,NE Escondido/ Dixon Lake/ Daley Ranch,235,Vehicle Contact,A vehicle has come into contact with our electric system and our crews are currently on scene making repairs.,,2026-08-12T18:29:24Z,2026-08-13T16:00:00Z,1,33.15267,-117.06084,ecjiEfmniU,gqiiErfoiUsSoFsDcBaGoFPgYjH_DjCSbB?~MrXz@jW,,7-0,0230132,3dbf8c6a-bf44-4037-bd61-0913a93a959b,2026-08-13T15:01:16Z
325|2026-08-13T04:14:32Z,325,"National City, Paradise Hills/ Skyline/ Bay Terraces",1299,,The cause of the outage is unknown and still under investigation.,,2026-08-13T04:14:32Z,2026-08-13T16:00:00Z,1,32.68561,-117.06343,a|nfEl}niU,{zmfEjgniUcBjMe@~CgTja@mCzE_X~M_IoZwBoKbe@_{@lMShMjCz@rS,,7-1,0230132,3dbf8c6a-bf44-4037-bd61-0913a93a959b,2026-08-13T15:01:16Z
454|2026-08-12T18:29:24Z,454,NE Escondido/ Dixon Lake/ Daley Ranch,235,Vehicle Contact,A vehicle has come into contact with our electric system and our crews are currently on scene making repairs.,,2026-08-12T18:29:24Z,2026-08-13T16:00:00Z,1,33.15267,-117.06084,ecjiEfmniU,gqiiErfoiUsSoFsDcBaGoFPgYjH_DjCSbB?~MrXz@jW,,7-0,0230132,66a31a6b-a2d4-421f-9a33-cb616ac2e8b5,2026-08-13T15:16:17Z
325|2026-08-13T04:14:32Z,325,"National City, Paradise Hills/ Skyline/ Bay Terraces",1299,,The cause of the outage is unknown and still under investigation.,,2026-08-13T04:14:32Z,2026-08-13T16:00:00Z,1,32.68561,-117.06343,a|nfEl}niU,{zmfEjgniUcBjMe@~CgTja@mCzE_X~M_IoZwBoKbe@_{@lMShMjCz@rS,,7-1,0230132,66a31a6b-a2d4-421f-9a33-cb616ac2e8b5,2026-08-13T15:16:17Z
454|2026-08-12T18:29:24Z,454,NE Escondido/ Dixon Lake/ Daley Ranch,235,Vehicle Contact,A vehicle has come into contact with our electric system and our crews are currently on scene making repairs.,,2026-08-12T18:29:24Z,2026-08-13T16:00:00Z,1,33.15267,-117.06084,ecjiEfmniU,gqiiErfoiUsSoFsDcBaGoFPgYjH_DjCSbB?~MrXz@jW,,7-0,0230132,ffcef1ad-4437-4683-a901-a76b800aa9d2,2026-08-13T15:31:17Z
325|2026-08-13T04:14:32Z,325,"National City, Paradise Hills/ Skyline/ Bay Terraces",1299,,The cause of the outage is unknown and still under investigation.,,2026-08-13T04:14:32Z,2026-08-13T16:00:00Z,1,32.68561,-117.06343,a|nfEl}niU,{zmfEjgniUcBjMe@~CgTja@mCzE_X~M_IoZwBoKbe@_{@lMShMjCz@rS,,7-1,0230132,ffcef1ad-4437-4683-a901-a76b800aa9d2,2026-08-13T15:31:17Z
454|2026-08-12T18:29:24Z,454,NE Escondido/ Dixon Lake/ Daley Ranch,235,Vehicle Contact,A vehicle has come into contact with our electric system and our crews are currently on scene making repairs.,,2026-08-12T18:29:24Z,2026-08-13T16:00:00Z,1,33.15267,-117.06084,ecjiEfmniU,gqiiErfoiUsSoFsDcBaGoFPgYjH_DjCSbB?~MrXz@jW,,7-0,0230132,2d0115d4-fa43-4014-aa53-580353cefad0,2026-08-13T15:46:17Z
325|2026-08-13T04:14:32Z,325,"National City, Paradise Hills/ Skyline/ Bay Terraces",1299,,The cause of the outage is unknown and still under investigation.,,2026-08-13T04:14:32Z,2026-08-13T16:00:00Z,1,32.68561,-117.06343,a|nfEl}niU,{zmfEjgniUcBjMe@~CgTja@mCzE_X~M_IoZwBoKbe@_{@lMShMjCz@rS,,7-1,0230132,2d0115d4-fa43-4014-aa53-580353cefad0,2026-08-13T15:46:17Z
454|2026-08-12T18:29:24Z,454,NE Escondido/ Dixon Lake/ Daley Ranch,235,Vehicle Contact,A vehicle has come into contact with our electric system and our crews are currently on scene making repairs.,,2026-08-12T18:29:24Z,2026-08-13T17:30:00Z,1,33.15267,-117.06084,ecjiEfmniU,gqiiErfoiUsSoFsDcBaGoFPgYjH_DjCSbB?~MrXz@jW,,7-0,0230132,4828d07c-799c-436f-afdf-1d458d59cf87,2026-08-13T16:01:17Z
325|2026-08-13T04:14:32Z,325,"National City, Paradise Hills/ Skyline/ Bay Terraces",1299,,The cause of the outage is unknown and still under investigation.,,2026-08-13T04:14:32Z,2026-08-13T17:30:00Z,1,32.68561,-117.06343,a|nfEl}niU,{zmfEjgniUcBjMe@~CgTja@mCzE_X~M_IoZwBoKbe@_{@lMShMjCz@rS,,7-1,0230132,4828d07c-799c-436f-afdf-1d458d59cf87,2026-08-13T16:01:17Z
454|2026-08-12T18:29:24Z,454,NE Escondido/ Dixon Lake/ Daley Ranch,235,Vehicle Contact,A vehicle has come into contact with our electric system and our crews are currently on scene making repairs.,,2026-08-12T18:29:24Z,2026-08-13T17:30:00Z,1,33.15267,-117.06084,ecjiEfmniU,gqiiErfoiUsSoFsDcBaGoFPgYjH_DjCSbB?~MrXz@jW,,7-0,0230132,d0775727-23d6-4879-a87e-b9b8654ee3d3,2026-08-13T16:16:16Z
325|2026-08-13T04:14:32Z,325,"National City, Paradise Hills/ Skyline/ Bay Terraces",1299,,The cause of the outage is unknown and still under investigation.,,2026-08-13T04:14:32Z,2026-08-13T17:30:00Z,1,32.68561,-117.06343,a|nfEl}niU,{zmfEjgniUcBjMe@~CgTja@mCzE_X~M_IoZwBoKbe@_{@lMShMjCz@rS,,7-1,0230132,d0775727-23d6-4879-a87e-b9b8654ee3d3,2026-08-13T16:16:16Z
454|2026-08-12T18:29:24Z,454,NE Escondido/ Dixon Lake/ Daley Ranch,235,Vehicle Contact,A vehicle has come into contact with our electric system and our crews are currently on scene making repairs.,,2026-08-12T18:29:24Z,2026-08-13T17:30:00Z,1,33.15267,-117.06084,ecjiEfmniU,gqiiErfoiUsSoFsDcBaGoFPgYjH_DjCSbB?~MrXz@jW,,7-0,0230132,564faead-c171-412a-ac58-6a419f0fcb14,2026-08-13T16:31:17Z
325|2026-08-13T04:14:32Z,325,"National City, Paradise Hills/ Skyline/ Bay Terraces",1299,,The cause of the outage is unknown and still under investigation.,,2026-08-13T04:14:32Z,2026-08-13T17:30:00Z,1,32.68561,-117.06343,a|nfEl}niU,{zmfEjgniUcBjMe@~CgTja@mCzE_X~M_IoZwBoKbe@_{@lMShMjCz@rS,,7-1,0230132,564faead-c171-412a-ac58-6a419f0fcb14,2026-08-13T16:31:17Z
454|2026-08-12T18:29:24Z,454,NE Escondido/ Dixon Lake/ Daley Ranch,235,Vehicle Contact,A vehicle has come into contact with our electric system and our crews are currently on scene making repairs.,,2026-08-12T18:29:24Z,2026-08-13T17:30:00Z,1,33.15267,-117.06084,ecjiEfmniU,gqiiErfoiUsSoFsDcBaGoFPgYjH_DjCSbB?~MrXz@jW,,7-0,0230132,d1632b2d-892e-4a21-8985-bfad8fa26ffd,2026-08-13T16:46:17Z
325|2026-08-13T04:14:32Z,325,"National City, Paradise Hills/ Skyline/ Bay Terraces",1299,,The cause of the outage is unknown and still under investigation.,,2026-08-13T04:14:32Z,2026-08-13T17:30:00Z,1,32.68561,-117.06343,a|nfEl}niU,{zmfEjgniUcBjMe@~CgTja@mCzE_X~M_IoZwBoKbe@_{@lMShMjCz@rS,,7-1,0230132,d1632b2d-892e-4a21-8985-bfad8fa26ffd,2026-08-13T16:46:17Z
325|2026-08-13T04:14:32Z,325,"National City, Paradise Hills/ Skyline/ Bay Terraces",1158,,The cause of the outage is unknown and still under investigation.,,2026-08-13T04:14:32Z,2026-08-13T17:30:00Z,1,32.68634,-117.06404,s`ofEfaoiU,qhnfEj}miUg@fm@sInPmCzE_X~M_IoZwBoKbe@_{@lMSnA~M,,13-0,0230132213200,0e1a0c7e-ff09-4eba-bdc3-800d6046b4c8,2026-08-13T17:01:16Z
325|2026-08-13T04:14:32Z,325,"National City, Paradise Hills/ Skyline/ Bay Terraces",1158,,The cause of the outage is unknown and still under investigation.,,2026-08-13T04:14:32Z,2026-08-13T17:30:00Z,1,32.68634,-117.06404,s`ofEfaoiU,qhnfEj}miUg@fm@sInPmCzE_X~M_IoZwBoKbe@_{@lMSnA~M,,13-0,0230132213200,b6a5d1af-d01a-4e1d-a49a-8ea64a4a0f0e,2026-08-13T17:16:16Z
350|2026-08-13T20:34Z,350,Pauma Valley/ Lilac,29,,The cause of the outage is unknown and still under investigation.,,2026-08-13T20:34Z,2026-08-14T00:00:00Z,1,33.30507,-117.06672,u{gjE~qoiU,gxfjEz}niUgOznBwGkMgYwj@mZc~@xJc[zc@?~\nd@,,4-0,0230,064410be-ea1c-42f2-b129-b042377da367,2026-08-13T21:16:18Z
350|2026-08-13T20:34Z,350,Pauma Valley/ Lilac,29,,The cause of the outage is unknown and still under investigation.,,2026-08-13T20:34Z,2026-08-14T00:00:00Z,1,33.30507,-117.06672,u{gjE~qoiU,gxfjEz}niUgOznBwGkMgYwj@mZc~@xJc[zc@?~\nd@,,4-0,0230,d7670fa2-cbd6-4afb-93d7-305c48167819,2026-08-13T21:31:17Z
350|2026-08-13T20:34Z,350,Pauma Valley/ Lilac,29,,The cause of the outage is unknown and still under investigation.,,2026-08-13T20:34Z,2026-08-14T00:00:00Z,1,33.30507,-117.06672,u{gjE~qoiU,gxfjEz}niUgOznBwGkMgYwj@mZc~@xJc[zc@?~\nd@,,4-0,0230,e67a6609-5cfb-4e71-a158-fa1f113d8ea9,2026-08-13T21:46:19Z
350|2026-08-13T20:34Z,350,Pauma Valley/ Lilac,29,,The cause of the outage is unknown and still under investigation.,,2026-08-13T20:34Z,2026-08-14T00:00:00Z,1,33.30507,-117.06672,u{gjE~qoiU,gxfjEz}niUgOznBwGkMgYwj@mZc~@xJc[zc@?~\nd@,,4-0,0230,b1a4229a-2c13-4e44-9a46-afb70250713b,2026-08-13T22:01:16Z
325|2026-08-13T06:34Z,325,Paradise Hills/ Skyline/ Bay Terraces,13,Device/Equipment Damaged,Our equipment has been damaged and our crews need to make repairs.,,2026-08-13T06:34Z,2026-08-14T10:00:00Z,1,32.6699,-117.0601,{ykfErhniU,,,4-0,0230,77eccfdb-a60b-412f-8ebb-258ea4149b1b,2026-08-14T07:27:17Z
325|2026-08-13T06:34Z,325,Paradise Hills/ Skyline/ Bay Terraces,13,Device/Equipment Damaged,Our equipment has been damaged and our crews need to make repairs.,,2026-08-13T06:34Z,2026-08-14T10:00:00Z,1,32.6699,-117.0601,{ykfErhniU,,,4-0,0230,d3351c2b-a184-4b48-b740-b780ffe5b14d,2026-08-14T07:31:16Z
271|2026-08-15T02:43:39Z,271,Torrey Pines/ Sorrento Valley/ University City,311,,The cause of the outage is unknown and still under investigation.,,2026-08-15T02:43:39Z,2026-08-15T04:00:00Z,1,32.87171,-117.2103,egsgEjskjU,sprgEvfljUcQf@aB{@iOsNg@cV|EgEP?nPjRvLfY,,4-0,0230,fb2979cb-efc8-4644-9460-d026f4efaddb,2026-08-15T03:01:17Z
271|2026-08-15T02:43:39Z,271,Torrey Pines/ Sorrento Valley/ University City,311,,The cause of the outage is unknown and still under investigation.,,2026-08-15T02:43:39Z,2026-08-15T04:00:00Z,1,32.87171,-117.2103,egsgEjskjU,sprgEvfljUcQf@aB{@iOsNg@cV|EgEP?nPjRvLfY,,4-0,0230,2f50fa55-8419-4d73-8f16-0594edbeed43,2026-08-15T03:16:16Z
271|2026-08-15T02:43:39Z,271,Torrey Pines/ Sorrento Valley/ University City,311,,The cause of the outage is unknown and still under investigation.,,2026-08-15T02:43:39Z,2026-08-15T04:00:00Z,1,32.87171,-117.2103,egsgEjskjU,sprgEvfljUcQf@aB{@iOsNg@cV|EgEP?nPjRvLfY,,4-0,0230,a17bb81f-6df1-482a-9a02-e91a5cfc316d,2026-08-15T03:31:16Z
271|2026-08-15T02:43:39Z,271,Torrey Pines/ Sorrento Valley/ University City,30,,The cause of the outage is unknown and still under investigation.,,2026-08-15T02:43:39Z,2026-08-15T05:30:00Z,1,32.87364,-117.20793,gssgEpdkjU,kmsgEz|jjUwGrXg@cV|EgEP?nAvB,,4-0,0230,a8c65755-70d5-4cb3-af40-e541cfb70c86,2026-08-15T03:46:17Z
271|2026-08-15T02:43:39Z,271,Torrey Pines/ Sorrento Valley/ University City,30,,The cause of the outage is unknown and still under investigation.,,2026-08-15T02:43:39Z,2026-08-15T05:30:00Z,1,32.87364,-117.20793,gssgEpdkjU,kmsgEz|jjUwGrXg@cV|EgEP?nAvB,,4-0,0230,320fc7ba-489d-4e6f-b8aa-bc4d7a4f99e5,2026-08-15T04:01:16Z
851|2026-08-15T03:57:39Z,851,S Vista,586,,The cause of the outage is unknown and still under investigation.,,2026-08-15T03:57:39Z,2026-08-15T06:00:00Z,1,33.16399,-117.2268,}iliEnznjU,w~kiEz|ojUuBSqUgh@xB_SxEz@dLnKd@zEf@~M?rX,,7-0,0230132,0ebbd0af-8ca0-4f3c-970d-f5b641ca05c5,2026-08-15T04:16:17Z
271|2026-08-15T02:43:39Z,271,Torrey Pines/ Sorrento Valley/ University City,30,,The cause of the outage is unknown and still under investigation.,,2026-08-15T02:43:39Z,2026-08-15T05:30:00Z,1,32.87364,-117.20793,gssgEpdkjU,kmsgEz|jjUwGrXg@cV|EgEP?nAvB,,7-1,0230132,0ebbd0af-8ca0-4f3c-970d-f5b641ca05c5,2026-08-15T04:16:17Z
851|2026-08-15T03:57:39Z,851,S Vista,586,Undetermined,The cause of the outage is unknown and still under investigation.,,2026-08-15T03:57:39Z,2026-08-15T06:00:00Z,1,33.16399,-117.2268,}iliEnznjU,w~kiEz|ojUuBSqUgh@xB_SxEz@dLnKd@zEf@~M?rX,,7-0,0230132,9ccbd353-a26c-4a43-b404-47f4c336c421,2026-08-15T04:31:16Z
271|2026-08-15T02:43:39Z,271,Torrey Pines/ Sorrento Valley/ University City,12,,The cause of the outage is unknown and still under investigation.,,2026-08-15T02:43:39Z,2026-08-15T05:30:00Z,1,32.8741,-117.21035,cvsgEtskjU,,,7-1,0230132,9ccbd353-a26c-4a43-b404-47f4c336c421,2026-08-15T04:31:16Z
851|2026-08-15T03:57:39Z,851,S Vista,586,Undetermined,The cause of the outage is unknown and still under investigation.,,2026-08-15T03:57:39Z,2026-08-15T06:00:00Z,1,33.16399,-117.2268,}iliEnznjU,w~kiEz|ojUuBSqUgh@xB_SxEz@dLnKd@zEf@~M?rX,,7-0,0230132,9471f954-edd6-4c54-baac-5753eabf5e68,2026-08-15T04:46:19Z
271|2026-08-15T02:43:39Z,271,Torrey Pines/ Sorrento Valley/ University City,12,,The cause of the outage is unknown and still under investigation.,,2026-08-15T02:43:39Z,2026-08-15T05:30:00Z,1,32.8741,-117.21035,cvsgEtskjU,,,7-1,0230132,9471f954-edd6-4c54-baac-5753eabf5e68,2026-08-15T04:46:19Z
851|2026-08-15T03:57:39Z,851,S Vista,586,Undetermined,The cause of the outage is unknown and still under investigation.,,2026-08-15T03:57:39Z,2026-08-15T09:30:00Z,1,33.16399,-117.2268,}iliEnznjU,w~kiEz|ojUuBSqUgh@xB_SxEz@dLnKd@zEf@~M?rX,,7-0,0230132,ffe760c3-32ab-4b90-98c3-14960466fcc8,2026-08-15T05:01:18Z
271|2026-08-15T02:43:39Z,271,Torrey Pines/ Sorrento Valley/ University City,12,,The cause of the outage is unknown and still under investigation.,,2026-08-15T02:43:39Z,2026-08-15T05:30:00Z,1,32.8741,-117.21035,cvsgEtskjU,,,7-1,0230132,ffe760c3-32ab-4b90-98c3-14960466fcc8,2026-08-15T05:01:18Z
851|2026-08-15T03:57:39Z,851,S Vista,586,Undetermined,The cause of the outage is unknown and still under investigation.,,2026-08-15T03:57:39Z,2026-08-15T09:30:00Z,1,33.16399,-117.2268,}iliEnznjU,w~kiEz|ojUuBSqUgh@xB_SxEz@dLnKd@zEf@~M?rX,,7-0,0230132,ba0fcfeb-eb76-4c3c-acc2-b88563bcc909,2026-08-15T05:16:17Z
271|2026-08-15T02:43:39Z,271,Torrey Pines/ Sorrento Valley/ University City,12,,The cause of the outage is unknown and still under investigation.,,2026-08-15T02:43:39Z,2026-08-15T05:30:00Z,1,32.8741,-117.21035,cvsgEtskjU,,,7-1,0230132,ba0fcfeb-eb76-4c3c-acc2-b88563bcc909,2026-08-15T05:16:17Z
851|2026-08-15T03:57:39Z,851,S Vista,25,,The cause of the outage is unknown and still under investigation.,,2026-08-15T03:57:39Z,2026-08-15T07:30:00Z,1,33.1644,-117.226,olliEnunjU,,,4-0,0230,9be1772a-321c-4bc0-bb7d-889fde9fe7ed,2026-08-15T06:20:50Z
920|2026-08-15T06:21Z,920,S Poway,16,Device/Equipment Damaged,Our equipment has been damaged and our crews need to make repairs.,,2026-08-15T06:21Z,2026-08-15T17:00:00Z,1,32.9546,-117.02875,gmchEtdhiU,,,4-0,0230,7b956808-ee64-4e67-96ed-7526650c5f29,2026-08-15T13:23:29Z
920|2026-08-15T06:21Z,920,S Poway,16,Device/Equipment Damaged,Our equipment has been damaged and our crews need to make repairs.,,2026-08-15T06:21Z,2026-08-15T17:00:00Z,1,32.9546,-117.02875,gmchEtdhiU,,,4-0,0230,b8dc0959-f437-48b4-9cb7-d5b37e3cd48f,2026-08-15T13:31:17Z
920|2026-08-15T06:21Z,920,S Poway,16,Device/Equipment Damaged,Our equipment has been damaged and our crews need to make repairs.,,2026-08-15T06:21Z,2026-08-15T17:00:00Z,1,32.9546,-117.02875,gmchEtdhiU,,,4-0,0230,1a780b1f-eff1-447a-9ae0-f9bb174cdccc,2026-08-15T13:46:17Z
920|2026-08-15T06:21Z,920,S Poway,16,Device/Equipment Damaged,Our equipment has been damaged and our crews need to make repairs.,,2026-08-15T06:21Z,2026-08-15T17:00:00Z,1,32.9546,-117.02875,gmchEtdhiU,,,4-0,0230,6fd4265b-7ca6-449a-8cea-e6a623633181,2026-08-15T14:01:17Z
920|2026-08-15T06:21Z,920,S Poway,16,Device/Equipment Damaged,Our equipment has been damaged and our crews need to make repairs.,,2026-08-15T06:21Z,2026-08-15T18:00:00Z,1,32.9546,-117.02875,gmchEtdhiU,,,4-0,0230,44fd4b06-a894-4752-bb77-b29c1da42076,2026-08-15T14:16:17Z
920|2026-08-15T06:21Z,920,S Poway,16,Device/Equipment Damaged,Our equipment has been damaged and our crews need to make repairs.,,2026-08-15T06:21Z,2026-08-15T18:00:00Z,1,32.9546,-117.02875,gmchEtdhiU,,,4-0,0230,2954c2fa-31d8-4319-8392-ef7ddf0e44bf,2026-08-15T14:31:20Z
920|2026-08-15T06:21Z,920,S Poway,16,Device/Equipment Damaged,Our equipment has been damaged and our crews need to make repairs.,,2026-08-15T06:21Z,2026-08-15T18:00:00Z,1,32.9546,-117.02875,gmchEtdhiU,,,4-0,0230,d95f3302-7f10-4b0a-969d-92dfe8b44f3b,2026-08-15T14:46:17Z
920|2026-08-15T06:21Z,920,S Poway,16,Device/Equipment Damaged,Our equipment has been damaged and our crews need to make repairs.,,2026-08-15T06:21Z,2026-08-15T18:00:00Z,1,32.9546,-117.02875,gmchEtdhiU,,,4-0,0230,2d839dc4-8b04-4039-82dd-669cb4c17cc3,2026-08-15T15:01:17Z
920|2026-08-15T06:21Z,920,S Poway,16,Device/Equipment Damaged,Our equipment has been damaged and our crews need to make repairs.,,2026-08-15T06:21Z,2026-08-15T18:00:00Z,1,32.9546,-117.02875,gmchEtdhiU,,,4-0,0230,65ff3a40-b5ed-4fa2-aca9-613ea42f538e,2026-08-15T15:16:17Z
920|2026-08-15T06:21Z,920,S Poway,16,Device/Equipment Damaged,Our equipment has been damaged and our crews need to make repairs.,,2026-08-15T06:21Z,2026-08-15T18:00:00Z,1,32.9546,-117.02875,gmchEtdhiU,,,4-0,0230,3f34be62-9387-480b-bcb3-8905ddb7a96e,2026-08-15T15:31:18Z
HK1|2026-08-15T15:35:24Z,HK1,Old Town/ Mission Hills/ Hillcrest,67,Deenergized for Safety,Power has been temporarily turned off at the request of public safety agencies and/or to make urgent repairs.,,2026-08-15T15:35:24Z,2026-08-15T16:30:00Z,1,32.75571,-117.1919,er|fEj`hjU,ol|fErahjUkHnFS_NvGf@f@fE,,4-0,0230,861361d2-3b5f-4e50-bf33-a702739fbe77,2026-08-15T15:46:17Z
HK1|2026-08-15T15:35:24Z,HK1,Old Town/ Mission Hills/ Hillcrest,67,Deenergized for Safety,Power has been temporarily turned off at the request of public safety agencies and/or to make urgent repairs.,,2026-08-15T15:35:24Z,2026-08-15T16:30:00Z,1,32.75571,-117.1919,er|fEj`hjU,ol|fErahjUkHnFS_NvGf@f@fE,,4-0,0230,1eedf75c-4e4f-49df-871d-f558dad2d4d2,2026-08-15T16:01:16Z
HK1|2026-08-15T15:35:24Z,HK1,Old Town/ Mission Hills/ Hillcrest,67,Deenergized for Safety,Power has been temporarily turned off at the request of public safety agencies and/or to make urgent repairs.,,2026-08-15T15:35:24Z,2026-08-15T16:30:00Z,1,32.75571,-117.1919,er|fEj`hjU,ol|fErahjUkHnFS_NvGf@f@fE,,4-0,0230,dfd508f3-9784-4c33-bad7-35599f53992f,2026-08-15T16:16:21Z
HK1|2026-08-15T15:35:24Z,HK1,Old Town/ Mission Hills/ Hillcrest,67,Deenergized for Safety,Power has been temporarily turned off at the request of public safety agencies and/or to make urgent repairs.,,2026-08-15T15:35:24Z,ETR-EXP,1,32.75571,-117.1919,er|fEj`hjU,ol|fErahjUkHnFS_NvGf@f@fE,,4-0,0230,9859b307-e91c-4562-bf4f-57954a66000b,2026-08-15T16:31:21Z
415|2026-08-15T16:36:15Z,415,Winter Gardens/ Lakeside/ Bostonia,18,,The cause of the outage is unknown and still under investigation.,,2026-08-15T16:36:15Z,2026-08-15T19:30:00Z,1,32.82275,-116.9345,euigErwuhU,,,4-0,0230,7f105042-a41c-4e50-9c1c-9606f2acb012,2026-08-15T17:31:18Z
415|2026-08-15T16:36:15Z,415,Winter Gardens/ Lakeside/ Bostonia,18,Device/Equipment Damaged,Our equipment has been damaged and our crews need to make repairs.,,2026-08-15T16:36:15Z,2026-08-15T19:30:00Z,1,32.82275,-116.9345,euigErwuhU,,,4-0,0230,32f38d0d-8324-4610-9e0a-00bb69c635c0,2026-08-15T17:46:16Z
415|2026-08-15T16:36:15Z,415,Winter Gardens/ Lakeside/ Bostonia,18,Device/Equipment Damaged,Our equipment has been damaged and our crews need to make repairs.,,2026-08-15T16:36:15Z,2026-08-15T19:30:00Z,1,32.82275,-116.9345,euigErwuhU,,,4-0,0230,aacc10cc-0869-4d84-9d51-075f8c356696,2026-08-15T18:01:16Z
415|2026-08-15T16:36:15Z,415,Winter Gardens/ Lakeside/ Bostonia,18,Device/Equipment Damaged,Our equipment has been damaged and our crews need to make repairs.,,2026-08-15T16:36:15Z,2026-08-15T22:00:00Z,1,32.82275,-116.9345,euigErwuhU,,,4-0,0230,df49ab3b-6d50-4c7e-a7a1-b485a9a0099f,2026-08-15T18:16:16Z
415|2026-08-15T16:36:15Z,415,Winter Gardens/ Lakeside/ Bostonia,18,Device/Equipment Damaged,Our equipment has been damaged and our crews need to make repairs.,,2026-08-15T16:36:15Z,2026-08-15T22:00:00Z,1,32.82275,-116.9345,euigErwuhU,,,4-0,0230,608dbd0c-feb4-46d7-8e37-620c32172e50,2026-08-15T18:31:16Z
415|2026-08-15T16:36:15Z,415,Winter Gardens/ Lakeside/ Bostonia,18,Device/Equipment Damaged,Our equipment has been damaged and our crews need to make repairs.,,2026-08-15T16:36:15Z,2026-08-15T22:00:00Z,1,32.82275,-116.9345,euigErwuhU,,,4-0,0230,379e86f3-d660-40c0-a874-42e524073db4,2026-08-15T18:46:16Z
415|2026-08-15T16:36:15Z,415,Winter Gardens/ Lakeside/ Bostonia,18,Device/Equipment Damaged,Our equipment has been damaged and our crews need to make repairs.,,2026-08-15T16:36:15Z,2026-08-15T22:00:00Z,1,32.82275,-116.9345,euigErwuhU,,,4-0,0230,192d8686-81be-4fbe-944e-7e61cd429fc1,2026-08-15T19:01:16Z
415|2026-08-15T16:36:15Z,415,Winter Gardens/ Lakeside/ Bostonia,18,Device/Equipment Damaged,Our equipment has been damaged and our crews need to make repairs.,,2026-08-15T16:36:15Z,2026-08-15T22:00:00Z,1,32.82275,-116.9345,euigErwuhU,,,4-0,0230,ac18ab5d-2585-4b52-96ea-41fe70e9c54f,2026-08-15T19:16:17Z
415|2026-08-15T16:36:15Z,415,Winter Gardens/ Lakeside/ Bostonia,18,Device/Equipment Damaged,Our equipment has been damaged and our crews need to make repairs.,,2026-08-15T16:36:15Z,2026-08-15T22:00:00Z,1,32.82275,-116.9345,euigErwuhU,,,4-0,0230,422d4aaa-9f0e-43ad-acba-1149bbe7a5d3,2026-08-15T19:31:17Z
415|2026-08-15T16:36:15Z,415,Winter Gardens/ Lakeside/ Bostonia,18,Device/Equipment Damaged,Our equipment has been damaged and our crews need to make repairs.,,2026-08-15T16:36:15Z,2026-08-15T22:00:00Z,1,32.82275,-116.9345,euigErwuhU,,,4-0,0230,413b6ee2-e604-4e10-95b5-c073108fe94e,2026-08-15T19:46:16Z
415|2026-08-15T16:36:15Z,415,Winter Gardens/ Lakeside/ Bostonia,18,Device/Equipment Damaged,Our equipment has been damaged and our crews need to make repairs.,,2026-08-15T16:36:15Z,2026-08-15T22:00:00Z,1,32.82275,-116.9345,euigErwuhU,,,4-0,0230,c3c18d7d-bb23-401d-9958-73db4d768969,2026-08-15T20:01:16Z
415|2026-08-15T16:36:15Z,415,Winter Gardens/ Lakeside/ Bostonia,18,Device/Equipment Damaged,Our equipment has been damaged and our crews need to make repairs.,,2026-08-15T16:36:15Z,2026-08-15T22:00:00Z,1,32.82275,-116.9345,euigErwuhU,,,4-0,0230,f929dc71-7fb4-48a0-aa84-3615be02c766,2026-08-15T20:16:16Z
415|2026-08-15T16:36:15Z,415,Winter Gardens/ Lakeside/ Bostonia,18,Device/Equipment Damaged,Our equipment has been damaged and our crews need to make repairs.,,2026-08-15T16:36:15Z,2026-08-15T22:00:00Z,1,32.82275,-116.9345,euigErwuhU,,,4-0,0230,439129a0-d507-489d-9417-d9fcfc1fef2f,2026-08-15T20:31:19Z
415|2026-08-15T16:36:15Z,415,Winter Gardens/ Lakeside/ Bostonia,18,Device/Equipment Damaged,Our equipment has been damaged and our crews need to make repairs.,,2026-08-15T16:36:15Z,2026-08-15T22:00:00Z,1,32.82275,-116.9345,euigErwuhU,,,4-0,0230,dbeb1f1e-9e75-4c41-bb09-cc1c4d2cfe23,2026-08-15T20:46:16Z
415|2026-08-15T16:36:15Z,415,Winter Gardens/ Lakeside/ Bostonia,18,Device/Equipment Damaged,Our equipment has been damaged and our crews need to make repairs.,,2026-08-15T16:36:15Z,2026-08-15T22:00:00Z,1,32.82275,-116.9345,euigErwuhU,,,4-0,0230,ec60ca63-1e4e-4dae-bc8a-accd42cc9e0d,2026-08-15T21:01:16Z
415|2026-08-15T16:36:15Z,415,Winter Gardens/ Lakeside/ Bostonia,18,Device/Equipment Damaged,Our equipment has been damaged and our crews need to make repairs.,,2026-08-15T16:36:15Z,2026-08-15T22:00:00Z,1,32.82275,-116.9345,euigErwuhU,,,8-0,02301322,4cff652d-64da-44a4-80f9-4071b90e493a,2026-08-15T21:40:25Z
255|2026-08-15T20:52:15Z,255,E Chula Vista,146,,The cause of the outage is unknown and still under investigation.,,2026-08-15T20:52:15Z,2026-08-16T00:00:00Z,1,32.65123,-117.07261,eehfExvpiU,uogfEnzpiU}O~CcLbBeEwLhCkHvG?|EbBfOzJ,,8-1,02301322,4cff652d-64da-44a4-80f9-4071b90e493a,2026-08-15T21:40:25Z
415|2026-08-15T16:36:15Z,415,Winter Gardens/ Lakeside/ Bostonia,18,Device/Equipment Damaged,Our equipment has been damaged and our crews need to make repairs.,,2026-08-15T16:36:15Z,2026-08-16T01:00:00Z,1,32.82275,-116.9345,euigErwuhU,,,8-0,02301322,9f38923e-be85-4ead-ac03-c9c557367b8e,2026-08-15T21:46:17Z
255|2026-08-15T20:52Z,255,E Chula Vista,146,Foreign Object in Lines,Something has come into contact with our electric system and our crews are currently on scene making repairs.,,2026-08-15T20:52Z,2026-08-16T00:00:00Z,1,32.65123,-117.07261,eehfExvpiU,uogfEnzpiU}O~CcLbBeEwLhCkHvG?|EbBfOzJ,,8-1,02301322,9f38923e-be85-4ead-ac03-c9c557367b8e,2026-08-15T21:46:17Z
415|2026-08-15T16:36:15Z,415,Winter Gardens/ Lakeside/ Bostonia,18,Device/Equipment Damaged,Our equipment has been damaged and our crews need to make repairs.,,2026-08-15T16:36:15Z,2026-08-16T01:00:00Z,1,32.82275,-116.9345,euigErwuhU,,,4-0,0230,efccc873-52a0-4154-b7b5-2e3b5876ed58,2026-08-15T22:01:17Z
415|2026-08-15T16:36:15Z,415,Winter Gardens/ Lakeside/ Bostonia,18,Device/Equipment Damaged,Our equipment has been damaged and our crews need to make repairs.,,2026-08-15T16:36:15Z,2026-08-16T01:00:00Z,1,32.82275,-116.9345,euigErwuhU,,,4-0,0230,14ff1dfa-f916-4f4e-b32b-99e995db441d,2026-08-15T22:16:17Z
415|2026-08-15T16:36:15Z,415,Winter Gardens/ Lakeside/ Bostonia,18,Device/Equipment Damaged,Our equipment has been damaged and our crews need to make repairs.,,2026-08-15T16:36:15Z,2026-08-16T01:00:00Z,1,32.82275,-116.9345,euigErwuhU,,,4-0,0230,f4647ebb-5045-4bf5-a097-7e5b9c648fb2,2026-08-15T22:31:18Z
415|2026-08-15T16:36:15Z,415,Winter Gardens/ Lakeside/ Bostonia,18,Device/Equipment Damaged,Our equipment has been damaged and our crews need to make repairs.,,2026-08-15T16:36:15Z,2026-08-16T01:00:00Z,1,32.82275,-116.9345,euigErwuhU,,,4-0,0230,897cbb55-a355-4e83-b67c-e16ee290a6d8,2026-08-15T22:46:18Z
415|2026-08-15T16:36:15Z,415,Winter Gardens/ Lakeside/ Bostonia,18,Device/Equipment Damaged,Our equipment has been damaged and our crews need to make repairs.,,2026-08-15T16:36:15Z,2026-08-16T01:00:00Z,1,32.82275,-116.9345,euigErwuhU,,,4-0,0230,daeb8bd7-ba0e-4d1b-802b-9e7ce0927131,2026-08-15T23:01:19Z
415|2026-08-15T16:36:15Z,415,Winter Gardens/ Lakeside/ Bostonia,18,Device/Equipment Damaged,Our equipment has been damaged and our crews need to make repairs.,,2026-08-15T16:36:15Z,2026-08-16T01:00:00Z,1,32.82275,-116.9345,euigErwuhU,,,4-0,0230,842ae7a0-b758-4aec-ab08-a6a1e90c9c4e,2026-08-15T23:16:17Z
"312, MO1|2026-08-27T18:33:57Z","312, MO1","Dana Point/ Capistrano Beach, S Laguna",1341,,The cause of the outage is unknown and still under investigation.,,2026-08-27T18:33:57Z,2026-08-28T01:30:00Z,1,33.49119,-117.73142,}flkEjlqmU,{qjkEnepmUiR~p@i^zYyc@fOoP~CeBcL{@cGjf@c~@vGcG~a@gY~MrDhJ~HP~C,,6-0,023013,ce74c787-3c34-4011-a7bf-88495f667b4b,2026-08-27T23:17:27Z
973|2026-08-27T20:23:47Z,973,SD Country Estates,20,Device/Equipment Damaged,Our equipment has been damaged and our crews need to make repairs.,,2026-08-27T20:23:47Z,2026-08-28T05:00:00Z,1,32.994,-116.8154,ockhEfo~gU,,,8-0,02301322,ce74c787-3c34-4011-a7bf-88495f667b4b,2026-08-27T23:17:27Z
475|2026-08-27T21:53Z,475,S Poway,225,Unselected,The cause of the outage is unknown and still under investigation.,,2026-08-27T21:53Z,2026-08-28T04:00:00Z,1,32.97821,-117.04569,y`hhEpnkiU,goghEfqjiU{EnZmKr]cGrDaDwQz@{J|@kChMw[jM?,,8-1,02301322,ce74c787-3c34-4011-a7bf-88495f667b4b,2026-08-27T23:17:27Z
761|2026-08-27T21:24:40Z,761,Sorrento/ Mira Mesa/ Scripps Ranch,48,,The cause of the outage is unknown and still under investigation.,,2026-08-27T21:24:40Z,2026-08-28T02:00:00Z,1,32.88237,-117.16809,yiugEpkcjU,ccugE~ocjUgJg@cBsDjHoAz@z@bB~C?nA,,8-2,02301322,ce74c787-3c34-4011-a7bf-88495f667b4b,2026-08-27T23:17:27Z
377|2026-08-27T22:50Z,377,Coronado/ Coronado Cays,22,,The cause of the outage is unknown and still under investigation.,,2026-08-27T22:50Z,2026-08-28T02:00:00Z,1,32.69475,-117.1905,eupfErwgjU,,,8-4,02301322,ce74c787-3c34-4011-a7bf-88495f667b4b,2026-08-27T23:17:27Z
"95, NB1|2026-08-27T22:22:56Z","95, NB1","Casa De Oro/ Rancho San Diego, Granite Hills/ Singing Hills",200,,The cause of the outage is unknown and still under investigation.,,2026-08-27T22:22:56Z,2026-08-28T04:00:00Z,1,32.75869,-116.96081,yd}fE`|zhU,wy{fE~j{hUkCzEyJjCe~@gTkM_NnFwGvB{@vcArDvL~\,,11-0,02301322130,ce74c787-3c34-4011-a7bf-88495f667b4b,2026-08-27T23:17:27Z
93|2026-08-27T19:51Z,93,Granite Hills/ Singing Hills,11,Unselected,The cause of the outage is unknown and still under investigation.,,2026-08-27T19:51Z,2026-08-28T03:00:00Z,1,32.76853,-116.93989,ib_gEhyvhU,{{~fEnwvhUsI~CRcBjC{@rD?,,11-1,02301322130,ce74c787-3c34-4011-a7bf-88495f667b4b,2026-08-27T23:17:27Z
"312, MO1|2026-08-27T18:33:57Z","312, MO1","Dana Point/ Capistrano Beach, S Laguna",1341,,The cause of the outage is unknown and still under investigation.,,2026-08-27T18:33:57Z,2026-08-28T01:30:00Z,1,33.49119,-117.73142,}flkEjlqmU,{qjkEnepmUiR~p@i^zYyc@fOoP~CeBcL{@cGjf@c~@vGcG~a@gY~MrDhJ~HP~C,,6-0,023013,e0dd3004-ae8b-4154-ab93-b4ae6b806f4c,2026-08-27T23:31:16Z
973|2026-08-27T20:23:47Z,973,SD Country Estates,20,Device/Equipment Damaged,Our equipment has been damaged and our crews need to make repairs.,,2026-08-27T20:23:47Z,2026-08-28T05:00:00Z,1,32.994,-116.8154,ockhEfo~gU,,,8-0,02301322,e0dd3004-ae8b-4154-ab93-b4ae6b806f4c,2026-08-27T23:31:16Z
475|2026-08-27T21:53Z,475,S Poway,225,Unselected,The cause of the outage is unknown and still under investigation.,,2026-08-27T21:53Z,2026-08-28T04:00:00Z,1,32.97821,-117.04569,y`hhEpnkiU,goghEfqjiU{EnZmKr]cGrDaDwQz@{J|@kChMw[jM?,,8-1,02301322,e0dd3004-ae8b-4154-ab93-b4ae6b806f4c,2026-08-27T23:31:16Z
761|2026-08-27T21:24:40Z,761,Sorrento/ Mira Mesa/ Scripps Ranch,48,,The cause of the outage is unknown and still under investigation.,,2026-08-27T21:24:40Z,2026-08-28T02:00:00Z,1,32.88237,-117.16809,yiugEpkcjU,ccugE~ocjUgJg@cBsDjHoAz@z@bB~C?nA,,8-2,02301322,e0dd3004-ae8b-4154-ab93-b4ae6b806f4c,2026-08-27T23:31:16Z
377|2026-08-27T22:50Z,377,Coronado/ Coronado Cays,22,,The cause of the outage is unknown and still under investigation.,,2026-08-27T22:50Z,2026-08-28T02:00:00Z,1,32.69475,-117.1905,eupfErwgjU,,,8-4,02301322,e0dd3004-ae8b-4154-ab93-b4ae6b806f4c,2026-08-27T23:31:16Z
"95, NB1|2026-08-27T22:22:56Z","95, NB1","Casa De Oro/ Rancho San Diego, Granite Hills/ Singing Hills",200,,The cause of the outage is unknown and still under investigation.,,2026-08-27T22:22:56Z,2026-08-28T04:00:00Z,1,32.75869,-116.96081,yd}fE`|zhU,wy{fE~j{hUkCzEyJjCe~@gTkM_NnFwGvB{@vcArDvL~\,,11-0,02301322130,e0dd3004-ae8b-4154-ab93-b4ae6b806f4c,2026-08-27T23:31:16Z
93|2026-08-27T19:51Z,93,Granite Hills/ Singing Hills,11,Unselected,The cause of the outage is unknown and still under investigation.,,2026-08-27T19:51Z,2026-08-28T03:00:00Z,1,32.76853,-116.93989,ib_gEhyvhU,{{~fEnwvhUsI~CRcBjC{@rD?,,11-1,02301322130,e0dd3004-ae8b-4154-ab93-b4ae6b806f4c,2026-08-27T23:31:16Z
"312, MO1|2026-08-27T18:33:57Z","312, MO1","Dana Point/ Capistrano Beach, S Laguna",1341,,The cause of the outage is unknown and still under investigation.,,2026-08-27T18:33:57Z,2026-08-28T01:30:00Z,1,33.49119,-117.73142,}flkEjlqmU,{qjkEnepmUiR~p@i^zYyc@fOoP~CeBcL{@cGjf@c~@vGcG~a@gY~MrDhJ~HP~C,,6-0,023013,832417dc-72c7-4dc6-a0db-b85f59837470,2026-08-27T23:46:17Z
973|2026-08-27T20:23:47Z,973,SD Country Estates,20,Device/Equipment Damaged,Our equipment has been damaged and our crews need to make repairs.,,2026-08-27T20:23:47Z,2026-08-28T05:00:00Z,1,32.994,-116.8154,ockhEfo~gU,,,8-0,02301322,832417dc-72c7-4dc6-a0db-b85f59837470,2026-08-27T23:46:17Z
475|2026-08-27T21:53Z,475,S Poway,225,Unselected,The cause of the outage is unknown and still under investigation.,,2026-08-27T21:53Z,2026-08-28T04:00:00Z,1,32.97821,-117.04569,y`hhEpnkiU,goghEfqjiU{EnZmKr]cGrDaDwQz@{J|@kChMw[jM?,,8-1,02301322,832417dc-72c7-4dc6-a0db-b85f59837470,2026-08-27T23:46:17Z
761|2026-08-27T21:24:40Z,761,Sorrento/ Mira Mesa/ Scripps Ranch,48,,The cause of the outage is unknown and still under investigation.,,2026-08-27T21:24:40Z,2026-08-28T02:00:00Z,1,32.88237,-117.16809,yiugEpkcjU,ccugE~ocjUgJg@cBsDjHoAz@z@bB~C?nA,,8-2,02301322,832417dc-72c7-4dc6-a0db-b85f59837470,2026-08-27T23:46:17Z
377|2026-08-27T22:50Z,377,Coronado/ Coronado Cays,22,,The cause of the outage is unknown and still under investigation.,,2026-08-27T22:50Z,2026-08-28T02:00:00Z,1,32.69475,-117.1905,eupfErwgjU,,,8-4,02301322,832417dc-72c7-4dc6-a0db-b85f59837470,2026-08-27T23:46:17Z
"95, NB1|2026-08-27T22:22:56Z","95, NB1","Casa De Oro/ Rancho San Diego, Granite Hills/ Singing Hills",200,,The cause of the outage is unknown and still under investigation.,,2026-08-27T22:22:56Z,2026-08-28T04:00:00Z,1,32.75869,-116.96081,yd}fE`|zhU,wy{fE~j{hUkCzEyJjCe~@gTkM_NnFwGvB{@vcArDvL~\,,11-0,02301322130,832417dc-72c7-4dc6-a0db-b85f59837470,2026-08-27T23:46:17Z
93|2026-08-27T19:51Z,93,Granite Hills/ Singing Hills,11,Unselected,The cause of the outage is unknown and still under investigation.,,2026-08-27T19:51Z,2026-08-28T03:00:00Z,1,32.76853,-116.93989,ib_gEhyvhU,{{~fEnwvhUsI~CRcBjC{@rD?,,11-1,02301322130,832417dc-72c7-4dc6-a0db-b85f59837470,2026-08-27T23:46:17Z
"312, MO1|2026-08-27T18:33:57Z","312, MO1","Dana Point/ Capistrano Beach, S Laguna",1341,,The cause of the outage is unknown and still under investigation.,,2026-08-27T18:33:57Z,2026-08-28T01:30:00Z,1,33.49119,-117.73142,}flkEjlqmU,{qjkEnepmUiR~p@i^zYyc@fOoP~CeBcL{@cGjf@c~@vGcG~a@gY~MrDhJ~HP~C,,6-0,023013,df2e51de-28b6-403f-888f-5bf2839d977e,2026-08-28T00:01:18Z
973|2026-08-27T20:23:47Z,973,SD Country Estates,20,Device/Equipment Damaged,Our equipment has been damaged and our crews need to make repairs.,,2026-08-27T20:23:47Z,2026-08-28T05:00:00Z,1,32.994,-116.8154,ockhEfo~gU,,,8-0,02301322,df2e51de-28b6-403f-888f-5bf2839d977e,2026-08-28T00:01:18Z
475|2026-08-27T21:53Z,475,S Poway,44,,The cause of the outage is unknown and still under investigation.,,2026-08-27T21:53Z,2026-08-28T02:00:00Z,1,32.97733,-117.04626,i{ghEbrkiU,cvghEvlkiUcGfORgOnF?,,8-1,02301322,df2e51de-28b6-403f-888f-5bf2839d977e,2026-08-28T00:01:18Z
761|2026-08-27T21:24:40Z,761,Sorrento/ Mira Mesa/ Scripps Ranch,48,Vehicle Contact,A vehicle has come into contact with our electric system and our crews are currently on scene making repairs.,,2026-08-27T21:24:40Z,2026-08-28T06:00:00Z,1,32.88237,-117.16809,yiugEpkcjU,ccugE~ocjUgJg@cBsDjHoAz@z@bB~C?nA,,8-2,02301322,df2e51de-28b6-403f-888f-5bf2839d977e,2026-08-28T00:01:18Z
377|2026-08-27T22:50Z,377,Coronado/ Coronado Cays,22,,The cause of the outage is unknown and still under investigation.,,2026-08-27T22:50Z,2026-08-28T02:00:00Z,1,32.69475,-117.1905,eupfErwgjU,,,8-4,02301322,df2e51de-28b6-403f-888f-5bf2839d977e,2026-08-28T00:01:18Z
"95, NB1|2026-08-27T22:22:56Z","95, NB1","Casa De Oro/ Rancho San Diego, Granite Hills/ Singing Hills",200,,The cause of the outage is unknown and still under investigation.,,2026-08-27T22:22:56Z,2026-08-28T04:00:00Z,1,32.75869,-116.96081,yd}fE`|zhU,wy{fE~j{hUkCzEyJjCe~@gTkM_NnFwGvB{@vcArDvL~\,,11-0,02301322130,df2e51de-28b6-403f-888f-5bf2839d977e,2026-08-28T00:01:18Z
93|2026-08-27T19:51Z,93,Granite Hills/ Singing Hills,11,Unselected,The cause of the outage is unknown and still under investigation.,,2026-08-27T19:51Z,2026-08-28T03:00:00Z,1,32.76853,-116.93989,ib_gEhyvhU,{{~fEnwvhUsI~CRcBjC{@rD?,,11-1,02301322130,df2e51de-28b6-403f-888f-5bf2839d977e,2026-08-28T00:01:18Z
"312, MO1|2026-08-27T18:33:57Z","312, MO1","Dana Point/ Capistrano Beach, S Laguna",1341,,The cause of the outage is unknown and still under investigation.,,2026-08-27T18:33:57Z,2026-08-28T01:30:00Z,1,33.49119,-117.73142,}flkEjlqmU,{qjkEnepmUiR~p@i^zYyc@fOoP~CeBcL{@cGjf@c~@vGcG~a@gY~MrDhJ~HP~C,,6-0,023013,52c540f9-6c28-4db9-bdc3-1d1e40831eb1,2026-08-28T00:16:17Z
973|2026-08-27T20:23:47Z,973,SD Country Estates,20,Device/Equipment Damaged,Our equipment has been damaged and our crews need to make repairs.,,2026-08-27T20:23:47Z,2026-08-28T05:00:00Z,1,32.994,-116.8154,ockhEfo~gU,,,8-0,02301322,52c540f9-6c28-4db9-bdc3-1d1e40831eb1,2026-08-28T00:16:17Z
475|2026-08-27T21:53Z,475,S Poway,44,,The cause of the outage is unknown and still under investigation.,,2026-08-27T21:53Z,2026-08-28T02:00:00Z,1,32.97733,-117.04626,i{ghEbrkiU,cvghEvlkiUcGfORgOnF?,,8-1,02301322,52c540f9-6c28-4db9-bdc3-1d1e40831eb1,2026-08-28T00:16:17Z
761|2026-08-27T21:24:40Z,761,Sorrento/ Mira Mesa/ Scripps Ranch,48,Vehicle Contact,A vehicle has come into contact with our electric system and our crews are currently on scene making repairs.,,2026-08-27T21:24:40Z,2026-08-28T06:00:00Z,1,32.88237,-117.16809,yiugEpkcjU,ccugE~ocjUgJg@cBsDjHoAz@z@bB~C?nA,,8-2,02301322,52c540f9-6c28-4db9-bdc3-1d1e40831eb1,2026-08-28T00:16:17Z
377|2026-08-27T22:50Z,377,Coronado/ Coronado Cays,22,,The cause of the outage is unknown and still under investigation.,,2026-08-27T22:50Z,2026-08-28T02:00:00Z,1,32.69475,-117.1905,eupfErwgjU,,,8-4,02301322,52c540f9-6c28-4db9-bdc3-1d1e40831eb1,2026-08-28T00:16:17Z
"95, NB1|2026-08-27T22:22:56Z","95, NB1","Casa De Oro/ Rancho San Diego, Granite Hills/ Singing Hills",200,,The cause of the outage is unknown and still under investigation.,,2026-08-27T22:22:56Z,2026-08-28T04:00:00Z,1,32.75869,-116.96081,yd}fE`|zhU,wy{fE~j{hUkCzEyJjCe~@gTkM_NnFwGvB{@vcArDvL~\,,11-0,02301322130,52c540f9-6c28-4db9-bdc3-1d1e40831eb1,2026-08-28T00:16:17Z
93|2026-08-27T19:51Z,93,Granite Hills/ Singing Hills,5,,The cause of the outage is unknown and still under investigation.,,2026-08-27T19:51Z,2026-08-28T03:00:00Z,1,32.7675,-116.9396,{{~fEnwvhU,,,11-1,02301322130,52c540f9-6c28-4db9-bdc3-1d1e40831eb1,2026-08-28T00:16:17Z
"312, MO1|2026-08-27T18:33:57Z","312, MO1","Dana Point/ Capistrano Beach, S Laguna",1341,,The cause of the outage is unknown and still under investigation.,,2026-08-27T18:33:57Z,2026-08-28T01:30:00Z,1,33.49119,-117.73142,}flkEjlqmU,{qjkEnepmUiR~p@i^zYyc@fOoP~CeBcL{@cGjf@c~@vGcG~a@gY~MrDhJ~HP~C,,6-0,023013,52c540f9-6c28-4db9-bdc3-1d1e40831eb1,2026-08-28T00:17:15Z
973|2026-08-27T20:23:47Z,973,SD Country Estates,20,Device/Equipment Damaged,Our equipment has been damaged and our crews need to make repairs.,,2026-08-27T20:23:47Z,2026-08-28T05:00:00Z,1,32.994,-116.8154,ockhEfo~gU,,,8-0,02301322,52c540f9-6c28-4db9-bdc3-1d1e40831eb1,2026-08-28T00:17:15Z
475|2026-08-27T21:53Z,475,S Poway,44,,The cause of the outage is unknown and still under investigation.,,2026-08-27T21:53Z,2026-08-28T02:00:00Z,1,32.97733,-117.04626,i{ghEbrkiU,cvghEvlkiUcGfORgOnF?,,8-1,02301322,52c540f9-6c28-4db9-bdc3-1d1e40831eb1,2026-08-28T00:17:15Z
761|2026-08-27T21:24:40Z,761,Sorrento/ Mira Mesa/ Scripps Ranch,48,Vehicle Contact,A vehicle has come into contact with our electric system and our crews are currently on scene making repairs.,,2026-08-27T21:24:40Z,2026-08-28T06:00:00Z,1,32.88237,-117.16809,yiugEpkcjU,ccugE~ocjUgJg@cBsDjHoAz@z@bB~C?nA,,8-2,02301322,52c540f9-6c28-4db9-bdc3-1d1e40831eb1,2026-08-28T00:17:15Z
377|2026-08-27T22:50Z,377,Coronado/ Coronado Cays,22,,The cause of the outage is unknown and still under investigation.,,2026-08-27T22:50Z,2026-08-28T02:00:00Z,1,32.69475,-117.1905,eupfErwgjU,,,8-4,02301322,52c540f9-6c28-4db9-bdc3-1d1e40831eb1,2026-08-28T00:17:15Z
"95, NB1|2026-08-27T22:22:56Z","95, NB1","Casa De Oro/ Rancho San Diego, Granite Hills/ Singing Hills",200,,The cause of the outage is unknown and still under investigation.,,2026-08-27T22:22:56Z,2026-08-28T04:00:00Z,1,32.75869,-116.96081,yd}fE`|zhU,wy{fE~j{hUkCzEyJjCe~@gTkM_NnFwGvB{@vcArDvL~\,,11-0,02301322130,52c540f9-6c28-4db9-bdc3-1d1e40831eb1,2026-08-28T00:17:15Z
93|2026-08-27T19:51Z,93,Granite Hills/ Singing Hills,5,,The cause of the outage is unknown and still under investigation.,,2026-08-27T19:51Z,2026-08-28T03:00:00Z,1,32.7675,-116.9396,{{~fEnwvhU,,,11-1,02301322130,52c540f9-6c28-4db9-bdc3-1d1e40831eb1,2026-08-28T00:17:15Z
"312, MO1|2026-08-27T18:33:57Z","312, MO1","Dana Point/ Capistrano Beach, S Laguna",1341,,The cause of the outage is unknown and still under investigation.,,2026-08-27T18:33:57Z,2026-08-28T01:30:00Z,1,33.49119,-117.73142,}flkEjlqmU,{qjkEnepmUiR~p@i^zYyc@fOoP~CeBcL{@cGjf@c~@vGcG~a@gY~MrDhJ~HP~C,,6-0,023013,52c540f9-6c28-4db9-bdc3-1d1e40831eb1,2026-08-28T00:17:58Z
973|2026-08-27T20:23:47Z,973,SD Country Estates,20,Device/Equipment Damaged,Our equipment has been damaged and our crews need to make repairs.,,2026-08-27T20:23:47Z,2026-08-28T05:00:00Z,1,32.994,-116.8154,ockhEfo~gU,,,8-0,02301322,52c540f9-6c28-4db9-bdc3-1d1e40831eb1,2026-08-28T00:17:58Z
475|2026-08-27T21:53Z,475,S Poway,44,,The cause of the outage is unknown and still under investigation.,,2026-08-27T21:53Z,2026-08-28T02:00:00Z,1,32.97733,-117.04626,i{ghEbrkiU,cvghEvlkiUcGfORgOnF?,,8-1,02301322,52c540f9-6c28-4db9-bdc3-1d1e40831eb1,2026-08-28T00:17:58Z
761|2026-08-27T21:24:40Z,761,Sorrento/ Mira Mesa/ Scripps Ranch,48,Vehicle Contact,A vehicle has come into contact with our electric system and our crews are currently on scene making repairs.,,2026-08-27T21:24:40Z,2026-08-28T06:00:00Z,1,32.88237,-117.16809,yiugEpkcjU,ccugE~ocjUgJg@cBsDjHoAz@z@bB~C?nA,,8-2,02301322,52c540f9-6c28-4db9-bdc3-1d1e40831eb1,2026-08-28T00:17:58Z
377|2026-08-27T22:50Z,377,Coronado/ Coronado Cays,22,,The cause of the outage is unknown and still under investigation.,,2026-08-27T22:50Z,2026-08-28T02:00:00Z,1,32.69475,-117.1905,eupfErwgjU,,,8-4,02301322,52c540f9-6c28-4db9-bdc3-1d1e40831eb1,2026-08-28T00:17:58Z
"95, NB1|2026-08-27T22:22:56Z","95, NB1","Casa De Oro/ Rancho San Diego, Granite Hills/ Singing Hills",200,,The cause of the outage is unknown and still under investigation.,,2026-08-27T22:22:56Z,2026-08-28T04:00:00Z,1,32.75869,-116.96081,yd}fE`|zhU,wy{fE~j{hUkCzEyJjCe~@gTkM_NnFwGvB{@vcArDvL~\,,11-0,02301322130,52c540f9-6c28-4db9-bdc3-1d1e40831eb1,2026-08-28T00:17:58Z
93|2026-08-27T19:51Z,93,Granite Hills/ Singing Hills,5,,The cause of the outage is unknown and still under investigation.,,2026-08-27T19:51Z,2026-08-28T03:00:00Z,1,32.7675,-116.9396,{{~fEnwvhU,,,11-1,02301322130,52c540f9-6c28-4db9-bdc3-1d1e40831eb1,2026-08-28T00:17:58Z
"312, MO1|2026-08-27T18:33:57Z","312, MO1","Dana Point/ Capistrano Beach, S Laguna",1341,,The cause of the outage is unknown and still under investigation.,,2026-08-27T18:33:57Z,2026-08-28T01:30:00Z,1,33.49119,-117.73142,}flkEjlqmU,{qjkEnepmUiR~p@i^zYyc@fOoP~CeBcL{@cGjf@c~@vGcG~a@gY~MrDhJ~HP~C,,6-0,023013,a53ca6af-aae5-4c7a-8c6d-61b12d9011fb,2026-08-28T00:25:59Z
973|2026-08-27T20:23:47Z,973,SD Country Estates,20,Device/Equipment Damaged,Our equipment has been damaged and our crews need to make repairs.,,2026-08-27T20:23:47Z,2026-08-28T05:00:00Z,1,32.994,-116.8154,ockhEfo~gU,,,8-0,02301322,a53ca6af-aae5-4c7a-8c6d-61b12d9011fb,2026-08-28T00:25:59Z
475|2026-08-27T21:53Z,475,S Poway,44,,The cause of the outage is unknown and still under investigation.,,2026-08-27T21:53Z,2026-08-28T02:00:00Z,1,32.97733,-117.04626,i{ghEbrkiU,cvghEvlkiUcGfORgOnF?,,8-1,02301322,a53ca6af-aae5-4c7a-8c6d-61b12d9011fb,2026-08-28T00:25:59Z
761|2026-08-27T21:24:40Z,761,Sorrento/ Mira Mesa/ Scripps Ranch,48,Vehicle Contact,A vehicle has come into contact with our electric system and our crews are currently on scene making repairs.,,2026-08-27T21:24:40Z,2026-08-28T03:00:00Z,1,32.88237,-117.16809,yiugEpkcjU,ccugE~ocjUgJg@cBsDjHoAz@z@bB~C?nA,,8-2,02301322,a53ca6af-aae5-4c7a-8c6d-61b12d9011fb,2026-08-28T00:25:59Z
377|2026-08-27T22:50Z,377,Coronado/ Coronado Cays,22,,The cause of the outage is unknown and still under investigation.,,2026-08-27T22:50Z,2026-08-28T02:00:00Z,1,32.69475,-117.1905,eupfErwgjU,,,8-4,02301322,a53ca6af-aae5-4c7a-8c6d-61b12d9011fb,2026-08-28T00:25:59Z
"95, NB1|2026-08-27T22:22:56Z","95, NB1","Casa De Oro/ Rancho San Diego, Granite Hills/ Singing Hills",200,,The cause of the outage is unknown and still under investigation.,,2026-08-27T22:22:56Z,2026-08-28T04:00:00Z,1,32.75869,-116.96081,yd}fE`|zhU,wy{fE~j{hUkCzEyJjCe~@gTkM_NnFwGvB{@vcArDvL~\,,11-0,02301322130,a53ca6af-aae5-4c7a-8c6d-61b12d9011fb,2026-08-28T00:25:59Z
93|2026-08-27T19:51Z,93,Granite Hills/ Singing Hills,5,Device/Equipment Damaged,Our equipment has been damaged and our crews need to make repairs.,,2026-08-27T19:51Z,2026-08-28T03:00:00Z,1,32.7675,-116.9396,{{~fEnwvhU,,,11-1,02301322130,a53ca6af-aae5-4c7a-8c6d-61b12d9011fb,2026-08-28T00:25:59Z
286|2026-08-28T10:52Z,286,Encinitas/ Cardiff-By-The-Sea/ Olivenhain,177,,The cause of the outage is unknown and still under investigation.,,2026-08-28T10:52Z,2026-08-28T14:00:00Z,1,33.06098,-117.30159,cfxhE|m}jU,oswhEbb}jUcBnFg@z@w[vLkCgEj\kMbGoA,,8-0,02301322,bd998c31-0062-44e7-9b0b-1b84f12d22a1,2026-08-28T12:07:04Z
910|2026-08-28T05:49:34Z,910,Rancho Penasquitos/ Rancho Bernardo/ San Pasqual,226,,The cause of the outage is unknown and still under investigation.,,2026-08-28T05:49:34Z,2026-08-28T14:00:00Z,1,32.9608,-117.12911,_tdhE|w{iU,kidhE~u{iUg@bLwL~C_D_Ig@kC?{JbBoArDSrDS~Cz@z@~H,,8-1,02301322,bd998c31-0062-44e7-9b0b-1b84f12d22a1,2026-08-28T12:07:04Z
286|2026-08-28T10:45Z,286,Encinitas/ Cardiff-By-The-Sea/ Olivenhain,856,Device/Equipment Damaged,Our equipment has been damaged and our crews need to make repairs.,,2026-08-28T10:45Z,2026-08-28T19:00:00Z,1,33.06557,-117.30373,ybyhEh{}jU,oswhEbb}jUoAjMogA~\gEnA_Dz@aGcBf@kCbGkHxkAk\bGoA,,8-0,02301322,3adea0af-8885-46c7-bf6f-69951e872372,2026-08-28T15:16:45Z
910|2026-08-28T05:49:34Z,910,Rancho Penasquitos/ Rancho Bernardo/ San Pasqual,226,Unselected,The cause of the outage is unknown and still under investigation.,,2026-08-28T05:49:34Z,2026-08-28T19:00:00Z,1,32.9608,-117.12911,_tdhE|w{iU,kidhE~u{iUg@bLwL~C_D_Ig@kC?{JbBoArDSrDS~Cz@z@~H,,8-1,02301322,3adea0af-8885-46c7-bf6f-69951e872372,2026-08-28T15:16:45Z
230|2026-08-28T18:48Z,230,Live Oak Park/ Winterwarm/ San Luis Rey Heights,5,Device/Equipment Damaged,Our equipment has been damaged and our crews need to make repairs.,,2026-08-28T18:48Z,2026-08-29T03:00:00Z,1,33.33865,-117.1935,qmnjEjjhjU,,,4-0,0230,aacda19d-c299-4c29-87b7-9ab6c6c2d7cb,2026-08-28T22:14:27Z
